INSPIREID;NATCODE;NAMEUNIT;CODNUT1;CODNUT2;CODNUT3;CODIGOINE;Shape__Are;Shape__Len;AREA_MPIO
ES.IGN.SIGLIM34143030001;34143030001;Abanilla;ES6;ES62;ES620;30001;382694222,362999975681305;77008,165056700003333;235,611409197999990
ES.IGN.SIGLIM34143030020;34143030020;Fortuna;ES6;ES62;ES620;30020;242198752,597000002861023;80813,984138500003610;149,323342505999989
ES.IGN.SIGLIM34143030022;34143030022;Jumilla;ES6;ES62;ES620;30022;1583183824,380000114440918;171743,004407000000356;969,006903457000021
ES.IGN.SIGLIM34143030030;34143030030;Murcia;ES6;ES62;ES620;30030;1426074626,450000047683716;273690,819728999980725;885,962149628000020
ES.IGN.SIGLIM34104646001;34104646001;Ademuz;ES5;ES52;ES523;46001;171669004,442000001668930;79629,097290699995938;100,417331228999998
ES.IGN.SIGLIM34104646002;34104646002;Ador;ES5;ES52;ES523;46002;22853624,068599998950958;44153,569204300001729;13,812652957599999
ES.IGN.SIGLIM34104646003;34104646003;Atzeneta d'Albaida;ES5;ES52;ES523;46003;9993933,490480000153184;21557,674097700000857;6,055768169260000
ES.IGN.SIGLIM34104646004;34104646004;Agullent;ES5;ES52;ES523;46004;26801604,847800001502037;25581,374090500001330;16,239023551999999
ES.IGN.SIGLIM34104646005;34104646005;Alaquàs;ES5;ES52;ES523;46005;6551959,062029999680817;15812,586463999999978;3,901394847930000
ES.IGN.SIGLIM34104646006;34104646006;Albaida;ES5;ES52;ES523;46006;58471241,787399999797344;51800,629366200002551;35,414215678500000
ES.IGN.SIGLIM34104646007;34104646007;Albal;ES5;ES52;ES523;46007;12291704,335100000724196;27283,478032600000006;7,331453191300000
ES.IGN.SIGLIM34104646008;34104646008;Albalat de la Ribera;ES5;ES52;ES523;46008;23948687,957199998199940;24952,205263299998478;14,354352536900000
ES.IGN.SIGLIM34104646009;34104646009;Albalat dels Sorells;ES5;ES52;ES523;46009;7782395,818129999563098;27323,916700500001753;4,621097860000000
ES.IGN.SIGLIM34104646010;34104646010;Albalat dels Tarongers;ES5;ES52;ES523;46010;36078994,112499997019768;37924,504804099997273;21,345411909700001
ES.IGN.SIGLIM34104646011;34104646011;Alberic;ES5;ES52;ES523;46011;44571844,684600003063679;34499,099694199998339;26,792338145500000
ES.IGN.SIGLIM34104646012;34104646012;Alborache;ES5;ES52;ES523;46012;45804237,249799996614456;38868,426211799996963;27,331867783700002
ES.IGN.SIGLIM34143030035;34143030035;San Javier;ES6;ES62;ES620;30035;120646177,869000002741814;157235,070127999992110;75,178480238099993
ES.IGN.SIGLIM34143030036;34143030036;San Pedro del Pinatar;ES6;ES62;ES620;30036;35915332,871500000357628;43413,542840399997658;22,365739455600000
ES.IGN.SIGLIM34143030043;34143030043;Yecla;ES6;ES62;ES620;30043;993244194,684999942779541;127911,915091999995639;605,628568052999981
ES.IGN.SIGLIM34143030901;34143030901;Santomera;ES6;ES62;ES620;30901;71458862,678200006484985;36543,402287700002489;44,197643846900000
ES.IGN.SIGLIM34104646013;34104646013;Alboraia/Alboraya;ES5;ES52;ES523;46013;13997302,144799999892712;19708,724124600001232;8,323177118989999
ES.IGN.SIGLIM34104646014;34104646014;Albuixech;ES5;ES52;ES523;46014;7398719,866969999857247;12360,796876899999916;4,394138531670000
ES.IGN.SIGLIM34104646015;34104646015;Alcàsser;ES5;ES52;ES523;46015;15090631,421399999409914;16538,609787699999288;9,003873245010000
ES.IGN.SIGLIM34104646016;34104646016;Alcàntera de Xúquer;ES5;ES52;ES523;46016;5522893,406890000216663;20625,291130800000246;3,324749497150000
ES.IGN.SIGLIM34104646017;34104646017;Alzira;ES5;ES52;ES523;46017;183907763,451000005006790;120866,754440000004251;110,489771755000007
ES.IGN.SIGLIM34104646018;34104646018;Alcublas;ES5;ES52;ES523;46018;73816408,272300004959106;35352,466413200003444;43,512703244800001
ES.IGN.SIGLIM34104646019;34104646019;l'Alcúdia;ES5;ES52;ES523;46019;39456566,788199998438358;43490,116998700003023;23,667822942299999
ES.IGN.SIGLIM34104646020;34104646020;l'Alcúdia de Crespins;ES5;ES52;ES523;46020;8562114,403869999572635;14478,763712899999518;5,167997279690000
ES.IGN.SIGLIM34104646021;34104646021;Aldaia;ES5;ES52;ES523;46021;26961447,013999998569489;29018,885776600000099;16,050624323499999
ES.IGN.SIGLIM34104646022;34104646022;Alfafar;ES5;ES52;ES523;46022;16839273,366599999368191;34037,640080500001204;10,040965492000000
ES.IGN.SIGLIM34104646023;34104646023;Alfauir;ES5;ES52;ES523;46023;10294059,240299999713898;17713,735902899999928;6,220595494120000
ES.IGN.SIGLIM34104646024;34104646024;Alfara de la Baronia;ES5;ES52;ES523;46024;19846230,384700000286102;25919,633582099999330;11,709808487200000
ES.IGN.SIGLIM34104646025;34104646025;Alfara del Patriarca;ES5;ES52;ES523;46025;3334940,782790000084788;8694,529558030000771;1,980864793050000
ES.IGN.SIGLIM34104646026;34104646026;Alfarp;ES5;ES52;ES523;46026;34392689,718299999833107;29803,608783399999083;20,577937550300000
ES.IGN.SIGLIM34104646027;34104646027;Alfarrasí;ES5;ES52;ES523;46027;10550713,944099999964237;18728,111379699999816;6,379889175500000
ES.IGN.SIGLIM34104646028;34104646028;Algar de Palancia;ES5;ES52;ES523;46028;22296811,661600001156330;21634,610850100001699;13,150237008400000
ES.IGN.SIGLIM34104646029;34104646029;Algemesí;ES5;ES52;ES523;46029;68885922,911599993705750;37534,856140000003506;41,296324029499999
ES.IGN.SIGLIM34104646030;34104646030;Algímia d'Alfara;ES5;ES52;ES523;46030;24475855,276700001209974;28982,493048399999680;14,452444826000001
ES.IGN.SIGLIM34104646031;34104646031;Alginet;ES5;ES52;ES523;46031;40209829,653300002217293;28515,999248399999487;24,073920173400001
ES.IGN.SIGLIM34104646032;34104646032;Almàssera;ES5;ES52;ES523;46032;4608531,906940000131726;9105,104591519999303;2,739290580330000
ES.IGN.SIGLIM34104646033;34104646033;Almiserà;ES5;ES52;ES523;46033;12311183,337899999693036;20841,151779100000567;7,440397574650000
ES.IGN.SIGLIM34104646034;34104646034;Almoines;ES5;ES52;ES523;46034;3506383,235230000223964;10419,957279899999776;2,117967509780000
ES.IGN.SIGLIM34104646035;34104646035;Almussafes;ES5;ES52;ES523;46035;17993911,989000000059605;25939,868204900001729;10,761768146400000
ES.IGN.SIGLIM34104646036;34104646036;Alpuente;ES5;ES52;ES523;46036;235365249,654000014066696;67150,658574600005522;138,325910052000012
ES.IGN.SIGLIM34104646037;34104646037;l'Alqueria de la Comtessa;ES5;ES52;ES523;46037;3563792,159640000201762;11721,917229599999700;2,153316460250000
ES.IGN.SIGLIM34104646038;34104646038;Andilla;ES5;ES52;ES523;46038;242274207,701999992132187;73236,138126200006809;142,777991222999987
ES.IGN.SIGLIM34104646039;34104646039;Anna;ES5;ES52;ES523;46039;35579144,501900002360344;32728,000890100000106;21,449015452400001
ES.IGN.SIGLIM34104646040;34104646040;Antella;ES5;ES52;ES523;46040;29226837,201000001281500;28548,105128700000932;17,579134829299999
ES.IGN.SIGLIM34104646041;34104646041;Aras de los Olmos;ES5;ES52;ES523;46041;129458793,539000004529953;52349,736579800002801;76,036937106699995
ES.IGN.SIGLIM34104646042;34104646042;Aielo de Malferit;ES5;ES52;ES523;46042;44192412,848700001835823;34030,238414799998282;26,739307349699999
ES.IGN.SIGLIM34104646043;34104646043;Aielo de Rugat;ES5;ES52;ES523;46043;12939999,393100000917912;23053,505998199998430;7,830769062800000
ES.IGN.SIGLIM34104646044;34104646044;Ayora;ES5;ES52;ES523;46044;740849141,743000030517578;132972,603075999999419;446,574002201999974
ES.IGN.SIGLIM34104646045;34104646045;Barxeta;ES5;ES52;ES523;46045;47301888,502599999308586;34765,094665800002986;28,517594385399999
ES.IGN.SIGLIM34104646046;34104646046;Barx;ES5;ES52;ES523;46046;26707582,218499999493361;24373,260988599999109;16,102313265999999
ES.IGN.SIGLIM34104646047;34104646047;Bèlgida;ES5;ES52;ES523;46047;28513123,421900000423193;30906,200558900000033;17,261906068700000
ES.IGN.SIGLIM34104646048;34104646048;Bellreguard;ES5;ES52;ES523;46048;4703729,058260000310838;14702,158282200000031;2,840579319830000
ES.IGN.SIGLIM34104646049;34104646049;Bellús;ES5;ES52;ES523;46049;15794115,967700000852346;20643,377842900001269;9,539978916720001
ES.IGN.SIGLIM34104646050;34104646050;Benagéber;ES5;ES52;ES523;46050;118172883,672999992966652;46405,837291099996946;69,822389433699996
ES.IGN.SIGLIM34104646051;34104646051;Benaguasil;ES5;ES52;ES523;46051;42820223,670999996364117;42758,064609399996698;25,394216680800000
ES.IGN.SIGLIM34104646052;34104646052;Benavites;ES5;ES52;ES523;46052;7228684,743579999543726;18317,452232600000571;4,269771141550000
ES.IGN.SIGLIM34104646053;34104646053;Beneixida;ES5;ES52;ES523;46053;5310017,229580000042915;15836,680203399999300;3,196171782120000
ES.IGN.SIGLIM34104646054;34104646054;Benetússer;ES5;ES52;ES523;46054;1306513,024720000103116;4892,422762930000317;0,778624018316000
ES.IGN.SIGLIM34104646055;34104646055;Beniarjó;ES5;ES52;ES523;46055;4553553,961269999854267;11690,503230300000723;2,751328533910000
ES.IGN.SIGLIM34104646056;34104646056;Beniatjar;ES5;ES52;ES523;46056;18776105,658599998801947;22748,560606200000620;11,371151473699999
ES.IGN.SIGLIM34104646057;34104646057;Benicolet;ES5;ES52;ES523;46057;18679733,490299999713898;25183,681257200001710;11,291338005000000
ES.IGN.SIGLIM34104646058;34104646058;Benifairó de les Valls;ES5;ES52;ES523;46058;7354095,118010000325739;14538,071111799999926;4,344981466420000
ES.IGN.SIGLIM34104646059;34104646059;Benifairó de la Valldigna;ES5;ES52;ES523;46059;33549627,063999999314547;34783,972597699998005;20,198527740399999
ES.IGN.SIGLIM34104646060;34104646060;Benifaió;ES5;ES52;ES523;46060;33687462,919799998402596;26091,639698099999805;20,154677610299998
ES.IGN.SIGLIM34104646061;34104646061;Beniflá;ES5;ES52;ES523;46061;1034194,680509999976493;5014,598981760000243;0,625009454280000
ES.IGN.SIGLIM34104646062;34104646062;Benigànim;ES5;ES52;ES523;46062;55374230,316500000655651;35344,505861500001629;33,438976761900001
ES.IGN.SIGLIM34104646063;34104646063;Benimodo;ES5;ES52;ES523;46063;20876871,487799998372793;29716,159513700000389;12,521650428799999
ES.IGN.SIGLIM34104646064;34104646064;Benimuslem;ES5;ES52;ES523;46064;6941364,173650000244379;13465,042905800000881;4,170131101140000
ES.IGN.SIGLIM34104646065;34104646065;Beniparrell;ES5;ES52;ES523;46065;6063398,844390000216663;11597,817899199999374;3,617552299380000
ES.IGN.SIGLIM34104646066;34104646066;Benirredrà;ES5;ES52;ES523;46066;643960,236671000020579;3880,384661959999903;0,388794005676000
ES.IGN.SIGLIM34104646067;34104646067;Benissanó;ES5;ES52;ES523;46067;3854955,230409999843687;8302,498733379999976;2,284729845510000
ES.IGN.SIGLIM34104646068;34104646068;Benissoda;ES5;ES52;ES523;46068;6666423,250610000453889;13200,183882799999992;4,040119724060000
ES.IGN.SIGLIM34104646069;34104646069;Benissuera;ES5;ES52;ES523;46069;3505176,457080000080168;7795,889132610000161;2,119419608320000
ES.IGN.SIGLIM34104646070;34104646070;Bétera;ES5;ES52;ES523;46070;126646436,552000001072884;45467,780670799998916;75,093859569800003
ES.IGN.SIGLIM34101212025;34101212025;Benafigos;ES5;ES52;ES522;12025;61223584,295400001108646;49041,258159500001057;35,600055182200002
ES.IGN.SIGLIM34101212026;34101212026;Benassal;ES5;ES52;ES522;12026;137309927,611999988555908;68627,281589699996402;79,576902354799998
ES.IGN.SIGLIM34104646147;34104646147;Llíria;ES5;ES52;ES523;46147;385497406,726999998092651;139072,590427999995882;227,983266512999990
ES.IGN.SIGLIM34101212032;34101212032;Borriana/Burriana;ES5;ES52;ES522;12032;79830242,646799996495247;48210,087733200001821;46,940629821900004
ES.IGN.SIGLIM34101212033;34101212033;Cabanes;ES5;ES52;ES522;12033;225619975,558999985456467;67108,308343099997728;131,688648860999990
ES.IGN.SIGLIM34101212034;34101212034;Càlig;ES5;ES52;ES522;12034;47507170,502899996936321;32663,417178700001386;27,466413329900000
ES.IGN.SIGLIM34101212036;34101212036;Canet lo Roig;ES5;ES52;ES522;12036;119114666,547000005841255;59518,471107799996389;68,675543111899998
ES.IGN.SIGLIM34101212037;34101212037;Castell de Cabres;ES5;ES52;ES522;12037;53456295,965999998152256;37095,881887800002005;30,721395882300001
ES.IGN.SIGLIM34094343004;34094343004;Alcanar;ES5;ES51;ES514;43004;81567665,374799996614456;61771,216553899997962;47,011062148199997
ES.IGN.SIGLIM34101212084;34101212084;Onda;ES5;ES52;ES522;12084;184868909,527000010013580;77907,493654000005336;108,421401180999993
ES.IGN.SIGLIM34101212085;34101212085;Oropesa del Mar/Orpesa;ES5;ES52;ES522;12085;45533284,464299999177456;36179,236127399999532;26,617326809500000
ES.IGN.SIGLIM34101212087;34101212087;Palanques;ES5;ES52;ES522;12087;24949310,490100000053644;31152,199378799999977;14,321149061600000
ES.IGN.SIGLIM34101212088;34101212088;Pavías;ES5;ES52;ES522;12088;24565820,144099999219179;21939,149751100001595;14,411377099799999
ES.IGN.SIGLIM34101212089;34101212089;Peníscola/Peñíscola;ES5;ES52;ES522;12089;135979239,675999999046326;66277,352279900005669;78,874375289699998
ES.IGN.SIGLIM34101212090;34101212090;Pina de Montalgrao;ES5;ES52;ES522;12090;53940498,828900001943111;38626,394433100002061;31,603296321900000
ES.IGN.SIGLIM34101212091;34101212091;Portell de Morella;ES5;ES52;ES522;12091;85617340,716299995779991;60156,873786399999517;49,395092625099998
ES.IGN.SIGLIM34094343044;34094343044;La Sénia;ES5;ES51;ES514;43044;189197005,759000003337860;96791,593475100002252;108,627410506000004
ES.IGN.SIGLIM34101212092;34101212092;Puebla de Arenoso;ES5;ES52;ES522;12092;72773754,140000000596046;40127,530156599998008;42,527754582500002
ES.IGN.SIGLIM34101212093;34101212093;la Pobla de Benifassà;ES5;ES52;ES522;12093;236754606,877000004053116;77725,396622600004775;135,998886405000007
ES.IGN.SIGLIM34101212094;34101212094;la Pobla Tornesa;ES5;ES52;ES522;12094;44167521,275899998843670;35530,230129800002032;25,810088370599999
ES.IGN.SIGLIM34101212095;34101212095;Ribesalbes;ES5;ES52;ES522;12095;14603850,509500000625849;18386,755683999999746;8,553092823249999
ES.IGN.SIGLIM34101212096;34101212096;Rossell;ES5;ES52;ES522;12096;130188687,668999999761581;56862,785925500000303;74,925406002499997
ES.IGN.SIGLIM34101212097;34101212097;Sacañet;ES5;ES52;ES522;12097;51802880,418600000441074;37686,533202799997525;30,493443165399999
ES.IGN.SIGLIM34101212098;34101212098;la Salzadella;ES5;ES52;ES522;12098;86215156,978699997067451;52517,582319000001007;49,919887645700001
ES.IGN.SIGLIM34101212099;34101212099;Sant Jordi/San Jorge;ES5;ES52;ES522;12099;63251285,491999998688698;42244,121382999997877;36,493836407300002
ES.IGN.SIGLIM34101212100;34101212100;Sant Mateu;ES5;ES52;ES522;12100;111770962,552000001072884;45861,073407099996984;64,624269443000003
ES.IGN.SIGLIM34101212101;34101212101;San Rafael del Río;ES5;ES52;ES522;12101;36719308,067000001668930;32677,266002699998353;21,149879949999999
ES.IGN.SIGLIM34101212102;34101212102;Santa Magdalena de Pulpis;ES5;ES52;ES522;12102;114687120,660999998450279;48926,567660699998669;66,488875122799996
ES.IGN.SIGLIM34101212103;34101212103;la Serratella;ES5;ES52;ES522;12103;32387384,042899999767542;29936,547336399999040;18,812275008699999
ES.IGN.SIGLIM34101212104;34101212104;Segorbe;ES5;ES52;ES522;12104;179868404,479999989271164;76201,068537300001481;106,076552333999999
ES.IGN.SIGLIM34101212105;34101212105;Sierra Engarcerán;ES5;ES52;ES522;12105;140948453,377999991178513;56510,401683999996749;81,981390545799997
ES.IGN.SIGLIM34094343156;34094343156;Ulldecona;ES5;ES51;ES514;43156;220311585,724999994039536;89201,026290199995856;126,809635065999998
ES.IGN.SIGLIM34101212106;34101212106;Soneja;ES5;ES52;ES522;12106;49394050,977300003170967;42881,152687399997376;29,103283309500000
ES.IGN.SIGLIM34101212107;34101212107;Sot de Ferrer;ES5;ES52;ES522;12107;14656038,876700000837445;16734,183188800001517;8,639885068060000
ES.IGN.SIGLIM34101212108;34101212108;Sueras/Suera;ES5;ES52;ES522;12108;37856742,601499997079372;27950,524174700000003;22,218919713399998
ES.IGN.SIGLIM34101212109;34101212109;Tales;ES5;ES52;ES522;12109;24741871,096299998462200;27027,049388300001738;14,525146994900000
ES.IGN.SIGLIM34100303001;34100303001;l'Atzúbia;ES5;ES52;ES521;03001;24227684,713899999856949;23621,924747000000934;14,669598042800001
ES.IGN.SIGLIM34101212110;34101212110;Teresa;ES5;ES52;ES522;12110;33817386,309500001370907;28036,563694699998450;19,885599380300000
ES.IGN.SIGLIM34100303002;34100303002;Agost;ES5;ES52;ES521;03002;108793557,943000003695488;51110,383539100002963;66,637564371200000
ES.IGN.SIGLIM34100303003;34100303003;Agres;ES5;ES52;ES521;03003;42585133,655500002205372;26352,390755699998408;25,836671508500000
ES.IGN.SIGLIM34100303004;34100303004;Aigües;ES5;ES52;ES521;03004;30215459,834499999880791;26386,104544500001793;18,472966649000000
ES.IGN.SIGLIM34100303005;34100303005;Albatera;ES5;ES52;ES521;03005;99854806,429399996995926;44090,223563599996851;61,542701454300001
ES.IGN.SIGLIM34100303006;34100303006;Alcalalí;ES5;ES52;ES521;03006;23709897,046700000762939;27706,150396699998964;14,397373688800000
ES.IGN.SIGLIM34100303007;34100303007;Alcocer de Planes;ES5;ES52;ES521;03007;7233055,083080000244081;11764,451843500000905;4,387346343410000
ES.IGN.SIGLIM34100303008;34100303008;Alcoleja;ES5;ES52;ES521;03008;23917171,751600001007318;24610,328257000001031;14,559927270699999
ES.IGN.SIGLIM34100303009;34100303009;Alcoy/Alcoi;ES5;ES52;ES521;03009;213421021,370000004768372;75449,040811600003508;129,860653450000001
ES.IGN.SIGLIM34100303010;34100303010;Alfafara;ES5;ES52;ES521;03010;32592509,052700001746416;23884,858719700001529;19,777418001699999
ES.IGN.SIGLIM34100303011;34100303011;l'Alfàs del Pi;ES5;ES52;ES521;03011;32447634,422200001776218;28080,416599500000302;19,800339672100002
ES.IGN.SIGLIM34100303012;34100303012;Algorfa;ES5;ES52;ES521;03012;29660961,019699998199940;37142,780084999998508;18,356335447599999
ES.IGN.SIGLIM34100303013;34100303013;Algueña;ES5;ES52;ES521;03013;30013084,372699998319149;37691,337091900000814;18,433204801300000
ES.IGN.SIGLIM34100303014;34100303014;Alicante/Alacant;ES5;ES52;ES521;03014;328717776,412000000476837;184626,706686999998055;201,675648332000009
ES.IGN.SIGLIM34100303015;34100303015;Almoradí;ES5;ES52;ES521;03015;69046186,499799996614456;67966,713938100001542;42,721519844600003
ES.IGN.SIGLIM34100303016;34100303016;Almudaina;ES5;ES52;ES521;03016;14528994,251700000837445;15808,458626899999217;8,820414735180000
ES.IGN.SIGLIM34100303017;34100303017;l'Alqueria d'Asnar;ES5;ES52;ES521;03017;1785631,640270000090823;12257,997065100000327;1,083853121560000
ES.IGN.SIGLIM34100303018;34100303018;Altea;ES5;ES52;ES521;03018;57062844,422799997031689;44739,339795899999444;34,776085481800003
ES.IGN.SIGLIM34100303019;34100303019;Aspe;ES5;ES52;ES521;03019;114766319,268999993801117;49013,952670099999523;70,513653399299997
ES.IGN.SIGLIM34100303020;34100303020;Balones;ES5;ES52;ES521;03020;18513214,954500000923872;22040,692969499999890;11,245453443800001
ES.IGN.SIGLIM34100303021;34100303021;Banyeres de Mariola;ES5;ES52;ES521;03021;82680923,194000005722046;50387,638383700003033;50,276662101100001
ES.IGN.SIGLIM34100303022;34100303022;Benasau;ES5;ES52;ES521;03022;14863165,817500000819564;21034,232343700001366;9,040449776219999
ES.IGN.SIGLIM34100303023;34100303023;Beneixama;ES5;ES52;ES521;03023;57400981,589100003242493;34235,321943700000702;34,888271433500002
ES.IGN.SIGLIM34100303024;34100303024;Benejúzar;ES5;ES52;ES521;03024;15075795,584799999371171;19841,924027900000510;9,327529042200000
ES.IGN.SIGLIM34100303025;34100303025;Benferri;ES5;ES52;ES521;03025;20023145,512600000947714;21212,463843699999416;12,362299886300001
ES.IGN.SIGLIM34100303026;34100303026;Beniarbeig;ES5;ES52;ES521;03026;12212245,048399999737740;22603,160269600000902;7,402915648020000
ES.IGN.SIGLIM34100303027;34100303027;Beniardá;ES5;ES52;ES521;03027;25878047,311700001358986;27050,569633399998565;15,740066679100000
ES.IGN.SIGLIM34100303028;34100303028;Beniarrés;ES5;ES52;ES521;03028;33354279,367499999701977;26297,961051800000860;20,214472401399998
ES.IGN.SIGLIM34100303029;34100303029;Benigembla;ES5;ES52;ES521;03029;30384071,343699999153614;22551,653623599999264;18,454750399700000
ES.IGN.SIGLIM34100303030;34100303030;Benidoleig;ES5;ES52;ES521;03030;12337852,972100000828505;16870,000119299998914;7,484339816210000
ES.IGN.SIGLIM34100303031;34100303031;Benidorm;ES5;ES52;ES521;03031;63063323,215499997138977;50937,862848299999314;38,507697952299999
ES.IGN.SIGLIM34100303032;34100303032;Benifallim;ES5;ES52;ES521;03032;22479305,419900000095367;23339,246669500000280;13,688388218400000
ES.IGN.SIGLIM34100303033;34100303033;Benifato;ES5;ES52;ES521;03033;19513694,083900000900030;19918,556703300000663;11,880779438099999
ES.IGN.SIGLIM34100303034;34100303034;Benijófar;ES5;ES52;ES521;03034;7047578,249450000002980;11250,170897899999545;4,360258978970000
ES.IGN.SIGLIM34100303035;34100303035;Benilloba;ES5;ES52;ES521;03035;15685793,979499999433756;21155,495300599999609;9,538178600129999
ES.IGN.SIGLIM34100303036;34100303036;Benillup;ES5;ES52;ES521;03036;5564603,367999999783933;13665,802754899999854;3,378929537480000
ES.IGN.SIGLIM34100303037;34100303037;Benimantell;ES5;ES52;ES521;03037;62234006,046999998390675;52842,886034000002837;37,906202915500003
ES.IGN.SIGLIM34100303038;34100303038;Benimarfull;ES5;ES52;ES521;03038;9167108,761140000075102;13338,264158399999360;5,563537396260000
ES.IGN.SIGLIM34100303039;34100303039;Benimassot;ES5;ES52;ES521;03039;15665545,873600000515580;17997,660159899998689;9,513138964090000
ES.IGN.SIGLIM34100303040;34100303040;Benimeli;ES5;ES52;ES521;03040;5783522,525679999962449;15364,783751499999198;3,504765612170000
ES.IGN.SIGLIM34100303041;34100303041;Benissa;ES5;ES52;ES521;03041;114598875,980000004172325;69097,200532300004852;69,710720485899998
ES.IGN.SIGLIM34100303042;34100303042;Benitachell/el Poble Nou de Benitatxell;ES5;ES52;ES521;03042;20896453,169300001114607;21986,095208999999159;12,699982273400000
ES.IGN.SIGLIM34100303043;34100303043;Biar;ES5;ES52;ES521;03043;161162520,956000000238419;52253,175411999996868;98,165454913900007
ES.IGN.SIGLIM34100303044;34100303044;Bigastro;ES5;ES52;ES521;03044;6621016,928770000115037;17093,456577500001004;4,097986149930000
ES.IGN.SIGLIM34100303045;34100303045;Bolulla;ES5;ES52;ES521;03045;22305956,508200000971556;21018,221825699998590;13,571654262499999
ES.IGN.SIGLIM34100303046;34100303046;Busot;ES5;ES52;ES521;03046;55339808,947700001299381;35327,127270199998748;33,841852472100001
ES.IGN.SIGLIM34100303047;34100303047;Calp;ES5;ES52;ES521;03047;38815765,591499999165535;40828,337393699999666;23,637706722000001
ES.IGN.SIGLIM34100303048;34100303048;Callosa d'en Sarrià;ES5;ES52;ES521;03048;56920132,903599999845028;39163,429589699997450;34,662088015300000
ES.IGN.SIGLIM34100303049;34100303049;Callosa de Segura;ES5;ES52;ES521;03049;40200320,081299997866154;52442,328484700003173;24,831531229900001
ES.IGN.SIGLIM34100303050;34100303050;el Campello;ES5;ES52;ES521;03050;90203085,338599994778633;72176,409417100003338;55,220627955600001
ES.IGN.SIGLIM34100303051;34100303051;Campo de Mirra/el Camp de Mirra;ES5;ES52;ES521;03051;35874525,671300001442432;34049,799540599997272;21,815682220399999
ES.IGN.SIGLIM34100303052;34100303052;Cañada;ES5;ES52;ES521;03052;31760991,846299998462200;31458,758497300001181;19,323897239600001
ES.IGN.SIGLIM34100303053;34100303053;Castalla;ES5;ES52;ES521;03053;187747264,527000010013580;71788,140312400006223;114,600547081000002
ES.IGN.SIGLIM34100303054;34100303054;Castell de Castells;ES5;ES52;ES521;03054;75581708,982199996709824;36186,903045599996403;45,922112567500001
ES.IGN.SIGLIM34100303055;34100303055;Catral;ES5;ES52;ES521;03055;32407710,193900000303984;25840,390084300001035;20,008157917199998
ES.IGN.SIGLIM34100303056;34100303056;Cocentaina;ES5;ES52;ES521;03056;87146924,380099996924400;49279,624039599999378;52,945564964600003
ES.IGN.SIGLIM34100303057;34100303057;Confrides;ES5;ES52;ES521;03057;65706584,449699997901917;39384,569179400001303;39,984144212899999
ES.IGN.SIGLIM34024444002;34024444002;Abejuela;ES2;ES24;ES242;44002;147468785,018000006675720;58468,569544300000416;86,663372839399997
ES.IGN.SIGLIM34024444004;34024444004;Aguaviva;ES2;ES24;ES242;44004;73667230,908999994397163;45605,762774800001353;42,150721547099998
ES.IGN.SIGLIM34024444010;34024444010;Albentosa;ES2;ES24;ES242;44010;116325266,642000004649162;46939,374273200002790;68,004967562800005
ES.IGN.SIGLIM34024444026;34024444026;Arcos de las Salinas;ES2;ES24;ES242;44026;192842866,166999995708466;71052,564389199993457;112,983235385000000
ES.IGN.SIGLIM34024444044;34024444044;Bordón;ES2;ES24;ES242;44044;52200968,109399996697903;39625,538424600003054;29,983072697600001
ES.IGN.SIGLIM34024444054;34024444054;Camarena de la Sierra;ES2;ES24;ES242;44054;136210886,118999987840652;49568,363948199999868;79,538983027599997
ES.IGN.SIGLIM34024444059;34024444059;Cantavieja;ES2;ES24;ES242;44059;215779033,173999994993210;72321,882779999999912;124,556258115999995
ES.IGN.SIGLIM34024444071;34024444071;Castellote;ES2;ES24;ES242;44071;410235571,412999987602234;121599,270703000001959;235,176578697999986
ES.IGN.SIGLIM34024444088;34024444088;La Cuba;ES2;ES24;ES242;44088;11309763,307499999180436;17105,770327300000645;6,514860994000000
ES.IGN.SIGLIM34024444092;34024444092;El Cuervo;ES2;ES24;ES242;44092;35578204,759800001978874;26961,218730699998559;20,759190102800002
ES.IGN.SIGLIM34024444113;34024444113;Fuentes de Rubielos;ES2;ES24;ES242;44113;66709403,736199997365475;36669,580187799998384;38,910612856400000
ES.IGN.SIGLIM34024444118;34024444118;La Ginebrosa;ES2;ES24;ES242;44118;140158767,264999985694885;74333,551077900003293;80,099007519099999
ES.IGN.SIGLIM34024444126;34024444126;La Iglesuela del Cid;ES2;ES24;ES242;44126;69721554,767399996519089;46489,824904799999786;40,294248123499997
ES.IGN.SIGLIM34024444135;34024444135;Libros;ES2;ES24;ES242;44135;64952920,313000001013279;37403,980356699998083;37,911517169800000
ES.IGN.SIGLIM34024444137;34024444137;Linares de Mora;ES2;ES24;ES242;44137;200203186,840000003576279;71438,888064400001895;116,274698414000000
ES.IGN.SIGLIM34024444143;34024444143;Manzanera;ES2;ES24;ES242;44143;288037387,529999971389771;71569,342376899992814;168,653778850000009
ES.IGN.SIGLIM34024444149;34024444149;Mirambel;ES2;ES24;ES242;44149;78898870,131099998950958;45238,158107900002506;45,469743849700002
ES.IGN.SIGLIM34024444154;34024444154;Monroyo;ES2;ES24;ES242;44154;138342917,402000010013580;60179,642856899998151;79,235117180000003
ES.IGN.SIGLIM34024444160;34024444160;Mosqueruela;ES2;ES24;ES242;44160;457383804,490000009536743;110551,966778000001796;265,031156409999994
ES.IGN.SIGLIM34024444165;34024444165;Nogueruelas;ES2;ES24;ES242;44165;171001893,594000011682510;70580,363908400002401;99,488581282200002
ES.IGN.SIGLIM34024444171;34024444171;Olba;ES2;ES24;ES242;44171;35934117,764600001275539;23801,784114499998395;20,986267915799999
ES.IGN.SIGLIM34024444178;34024444178;Las Parras de Castellote;ES2;ES24;ES242;44178;73529946,463300004601479;37150,599587899996550;42,132921186099999
ES.IGN.SIGLIM34024444179;34024444179;Peñarroya de Tastavins;ES2;ES24;ES242;44179;145247419,453000009059906;61751,685675200002152;83,281551300199993
ES.IGN.SIGLIM34024444193;34024444193;Puertomingalvo;ES2;ES24;ES242;44193;178294083,351999998092651;64556,243973500000720;103,620135270999995
ES.IGN.SIGLIM34024444196;34024444196;Riodeva;ES2;ES24;ES242;44196;58805282,081500001251698;39436,144420199998422;34,342017950799999
ES.IGN.SIGLIM34024444206;34024444206;San Agustín;ES2;ES24;ES242;44206;96768053,231000006198883;52584,889284700002463;56,573521855899997
ES.IGN.SIGLIM34024444218;34024444218;Tormón;ES2;ES24;ES242;44218;50368411,548000000417233;30972,774169799999072;29,344404958199998
ES.IGN.SIGLIM34024444223;34024444223;Torre de Arcas;ES2;ES24;ES242;44223;59808873,354599997401237;34302,335304899999755;34,278743671000001
ES.IGN.SIGLIM34024444231;34024444231;Torrijas;ES2;ES24;ES242;44231;97851863,499099999666214;48385,854527499999676;57,336979514399999
ES.IGN.SIGLIM34024444234;34024444234;Tramacastiel;ES2;ES24;ES242;44234;81157121,258399993181229;43850,005389099998865;47,293708159900000
ES.IGN.SIGLIM34024444236;34024444236;Tronchón;ES2;ES24;ES242;44236;99206553,866999998688698;47828,519371700000193;57,109430571200001
ES.IGN.SIGLIM34024444246;34024444246;Valderrobres;ES2;ES24;ES242;44246;217019841,553999990224838;108204,081309000001056;124,037451236999999
ES.IGN.SIGLIM34024444250;34024444250;Veguillas de la Sierra;ES2;ES24;ES242;44250;23420401,942800000309944;23924,613567799999146;13,667197935500001
ES.IGN.SIGLIM34024444260;34024444260;Villarluengo;ES2;ES24;ES242;44260;274622293,606000006198883;107803,816114000001107;157,890349127999997
ES.IGN.SIGLIM34100303058;34100303058;Cox;ES5;ES52;ES521;03058;27058752,712799999862909;45492,481917700002668;16,709694807900000
ES.IGN.SIGLIM34100303059;34100303059;Crevillent;ES5;ES52;ES521;03059;169721932,266000002622604;65155,641111500000989;104,550040096999993
ES.IGN.SIGLIM34100303060;34100303060;Quatretondeta;ES5;ES52;ES521;03060;27480671,297400001436472;23438,226479400000244;16,705295242399998
ES.IGN.SIGLIM34100303061;34100303061;Daya Nueva;ES5;ES52;ES521;03061;11476052,591600000858307;14027,951175399999556;7,093405809350000
ES.IGN.SIGLIM34100303062;34100303062;Daya Vieja;ES5;ES52;ES521;03062;5083334,660980000160635;9297,141769739999290;3,142379410020000
ES.IGN.SIGLIM34100303063;34100303063;Dénia;ES5;ES52;ES521;03063;109709630,123999997973442;117120,266086000003270;66,492658809999995
ES.IGN.SIGLIM34100303064;34100303064;Dolores;ES5;ES52;ES521;03064;30279640,328200001269579;27095,408359299999574;18,701739368500000
ES.IGN.SIGLIM34100303065;34100303065;Elche/Elx;ES5;ES52;ES521;03065;530211695,378000020980835;117050,235281999994186;326,501620450000019
ES.IGN.SIGLIM34100303066;34100303066;Elda;ES5;ES52;ES521;03066;74823826,685800001025200;39067,283456600001955;45,789794410100001
ES.IGN.SIGLIM34100303067;34100303067;Facheca;ES5;ES52;ES521;03067;16744755,385900000110269;20220,109849399999803;10,174676415100000
ES.IGN.SIGLIM34100303068;34100303068;Famorca;ES5;ES52;ES521;03068;16002613,086600000038743;16586,872690399999556;9,724120381460001
ES.IGN.SIGLIM34100303069;34100303069;Finestrat;ES5;ES52;ES521;03069;69210157,735599994659424;37840,526658399998269;42,238610221899997
ES.IGN.SIGLIM34100303070;34100303070;Formentera del Segura;ES5;ES52;ES521;03070;7005933,144650000147521;16453,599171300000307;4,332263174910000
ES.IGN.SIGLIM34100303071;34100303071;Gata de Gorgos;ES5;ES52;ES521;03071;33494860,360300000756979;25718,118039199998748;20,332228678000000
ES.IGN.SIGLIM34100303072;34100303072;Gaianes;ES5;ES52;ES521;03072;15788406,704399999231100;16035,010801599999468;9,571209728580000
ES.IGN.SIGLIM34100303073;34100303073;Gorga;ES5;ES52;ES521;03073;14982838,545900000259280;24339,882898100000602;9,106559613210001
ES.IGN.SIGLIM34100303074;34100303074;Granja de Rocamora;ES5;ES52;ES521;03074;11612348,198300000280142;52460,580407800000103;7,168872629270000
ES.IGN.SIGLIM34100303075;34100303075;el Castell de Guadalest;ES5;ES52;ES521;03075;26234261,052099999040365;27097,718885700000101;15,968163058500000
ES.IGN.SIGLIM34100303076;34100303076;Guardamar del Segura;ES5;ES52;ES521;03076;54860225,733599998056889;42049,942688000002818;33,937118407200003
ES.IGN.SIGLIM34100303077;34100303077;el Fondó de les Neus/Hondón de las Nieves;ES5;ES52;ES521;03077;111993835,665999993681908;46889,632516300000134;68,851502271399994
ES.IGN.SIGLIM34100303078;34100303078;Hondón de los Frailes;ES5;ES52;ES521;03078;20385318,932999998331070;19007,382766200000333;12,545767635600001
ES.IGN.SIGLIM34100303079;34100303079;Ibi;ES5;ES52;ES521;03079;102594834,809000000357628;39573,135576400003629;62,525468104200002
ES.IGN.SIGLIM34100303080;34100303080;Jacarilla;ES5;ES52;ES521;03080;19711436,376899998635054;23447,211278700000548;12,204191257500000
ES.IGN.SIGLIM34100303081;34100303081;Xaló;ES5;ES52;ES521;03081;56888313,123899996280670;40420,395211700000800;34,585884045299998
ES.IGN.SIGLIM34100303082;34100303082;Jávea/Xàbia;ES5;ES52;ES521;03082;113462314,348000004887581;73159,222220700001344;68,875666141500005
ES.IGN.SIGLIM34100303083;34100303083;Jijona/Xixona;ES5;ES52;ES521;03083;268160623,405000001192093;87086,857651700003771;163,761191470999989
ES.IGN.SIGLIM34100303084;34100303084;Lorcha/l'Orxa;ES5;ES52;ES521;03084;52448816,889899998903275;31609,133535500001017;31,765376234500000
ES.IGN.SIGLIM34100303085;34100303085;Llíber;ES5;ES52;ES521;03085;36093890,562600001692772;34557,929884800003492;21,933417521799999
ES.IGN.SIGLIM34100303086;34100303086;Millena;ES5;ES52;ES521;03086;16086549,235999999567866;20771,939089999999851;9,772488852050000
ES.IGN.SIGLIM34100303088;34100303088;Monforte del Cid;ES5;ES52;ES521;03088;129624490,500000000000000;51485,603524099999049;79,522182535599995
ES.IGN.SIGLIM34100303089;34100303089;Monóvar/Monòver;ES5;ES52;ES521;03089;248642211,585999995470047;70209,442932999998447;152,354941864000011
ES.IGN.SIGLIM34100303090;34100303090;Mutxamel;ES5;ES52;ES521;03090;77885039,400800004601479;44665,977467400000023;47,716250073900000
ES.IGN.SIGLIM34100303091;34100303091;Murla;ES5;ES52;ES521;03091;9576321,216789999976754;15169,158286100000623;5,813425020160000
ES.IGN.SIGLIM34100303092;34100303092;Muro de Alcoy;ES5;ES52;ES521;03092;49852662,627899996936321;39960,509275900003558;30,244161984200002
ES.IGN.SIGLIM34100303093;34100303093;Novelda;ES5;ES52;ES521;03093;123465228,835999995470047;54278,850946200000180;75,724206965700006
ES.IGN.SIGLIM34100303094;34100303094;la Nucia;ES5;ES52;ES521;03094;35029186,800099998712540;39527,582969499999308;21,362204719099999
ES.IGN.SIGLIM34100303095;34100303095;Ondara;ES5;ES52;ES521;03095;17183271,303199999034405;25755,900519800001348;10,413622826899999
ES.IGN.SIGLIM34100303096;34100303096;Onil;ES5;ES52;ES521;03096;79451700,074200004339218;43138,620786300001782;48,409700349100000
ES.IGN.SIGLIM34100303097;34100303097;Orba;ES5;ES52;ES521;03097;29221170,055300001055002;33609,056957499997225;17,729586620999999
ES.IGN.SIGLIM34100303098;34100303098;Orxeta;ES5;ES52;ES521;03098;39405628,808100000023842;38519,398000200002571;24,062758329600001
ES.IGN.SIGLIM34100303099;34100303099;Orihuela;ES5;ES52;ES521;03099;590504751,179999947547913;297557,937182999972720;365,415292029000000
ES.IGN.SIGLIM34100303100;34100303100;Parcent;ES5;ES52;ES521;03100;19374430,616799999028444;19266,475064199999906;11,770203083800000
ES.IGN.SIGLIM34100303101;34100303101;Pedreguer;ES5;ES52;ES521;03101;48770491,440099999308586;31948,635267199999362;29,583959318200002
ES.IGN.SIGLIM34100303102;34100303102;Pego;ES5;ES52;ES521;03102;87245356,324300006031990;43269,389716099998623;52,848712283499999
ES.IGN.SIGLIM34100303103;34100303103;Penàguila;ES5;ES52;ES521;03103;81994205,449399992823601;61403,358214599997154;49,924572340200001
ES.IGN.SIGLIM34100303104;34100303104;Petrer;ES5;ES52;ES521;03104;170173479,601999998092651;55947,013737200002652;104,090768531999998
ES.IGN.SIGLIM34100303105;34100303105;el Pinós/Pinoso;ES5;ES52;ES521;03105;206318873,983999997377396;76155,711468699999386;126,477619802000007
ES.IGN.SIGLIM34100303106;34100303106;Planes;ES5;ES52;ES521;03106;64072667,497000001370907;35914,766544600002817;38,867499318900002
ES.IGN.SIGLIM34100303107;34100303107;Polop;ES5;ES52;ES521;03107;37042258,873800002038479;28863,586826899998414;22,577590430000001
ES.IGN.SIGLIM34100303109;34100303109;Rafal;ES5;ES52;ES521;03109;2624278,518370000179857;8109,132201909999822;1,622200029860000
ES.IGN.SIGLIM34100303110;34100303110;el Ràfol d'Almúnia;ES5;ES52;ES521;03110;8049479,000160000286996;16541,260117099998752;4,877710203770000
ES.IGN.SIGLIM34100303111;34100303111;Redován;ES5;ES52;ES521;03111;15290196,384299999102950;29177,379823899998883;9,447706739470000
ES.IGN.SIGLIM34100303112;34100303112;Relleu;ES5;ES52;ES521;03112;125949368,767000004649162;52131,005682100003469;76,872187718099994
ES.IGN.SIGLIM34100303113;34100303113;Rojales;ES5;ES52;ES521;03113;45072638,698299996554852;47290,818584799999371;27,886739734199999
ES.IGN.SIGLIM34100303114;34100303114;la Romana;ES5;ES52;ES521;03114;70512721,811900004744530;40651,859532299997227;43,293442527000003
ES.IGN.SIGLIM34100303115;34100303115;Sagra;ES5;ES52;ES521;03115;9270001,636059999465942;14992,589056599999822;5,619282532550000
ES.IGN.SIGLIM34100303116;34100303116;Salinas;ES5;ES52;ES521;03116;100933447,027999997138977;41057,314172400001553;61,711714054600002
ES.IGN.SIGLIM34100303117;34100303117;Sanet y Negrals;ES5;ES52;ES521;03117;6502258,593410000205040;10342,270504100000835;3,941817052160000
ES.IGN.SIGLIM34100303118;34100303118;San Fulgencio;ES5;ES52;ES521;03118;33506560,214800000190735;26612,497574699998950;20,701294053000002
ES.IGN.SIGLIM34100303119;34100303119;Sant Joan d'Alacant;ES5;ES52;ES521;03119;15617439,898499999195337;17800,999738099999377;9,575843377669999
ES.IGN.SIGLIM34100303120;34100303120;San Miguel de Salinas;ES5;ES52;ES521;03120;88407018,884599998593330;37568,740197500002978;54,844375495900003
ES.IGN.SIGLIM34100303121;34100303121;Santa Pola;ES5;ES52;ES521;03121;94442060,993200004100800;60496,757799899998645;58,226447446100003
ES.IGN.SIGLIM34100303122;34100303122;San Vicente del Raspeig/Sant Vicent del Raspeig;ES5;ES52;ES521;03122;66175109,791400000452995;49279,972804800003360;40,550363320700001
ES.IGN.SIGLIM34100303123;34100303123;Sax;ES5;ES52;ES521;03123;103948016,881999999284744;40265,578918599996541;63,484102333700001
ES.IGN.SIGLIM34100303124;34100303124;Sella;ES5;ES52;ES521;03124;63524486,367600001394749;37629,752089399997203;38,721784260100002
ES.IGN.SIGLIM34100303125;34100303125;Senija;ES5;ES52;ES521;03125;7877812,367479999549687;14241,421637800000099;4,786504118750000
ES.IGN.SIGLIM34100303127;34100303127;Tàrbena;ES5;ES52;ES521;03127;52085538,377800002694130;36733,805028100003256;31,670644095000000
ES.IGN.SIGLIM34100303128;34100303128;Teulada;ES5;ES52;ES521;03128;53155433,151600003242493;41566,488218500002404;32,317091730500003
ES.IGN.SIGLIM34100303129;34100303129;Tibi;ES5;ES52;ES521;03129;115158720,200000002980232;45686,553289499999664;70,382965987600002
ES.IGN.SIGLIM34100303130;34100303130;Tollos;ES5;ES52;ES521;03130;26311645,708799999207258;24883,983370900001319;15,974206734199999
ES.IGN.SIGLIM34100303131;34100303131;Tormos;ES5;ES52;ES521;03131;8828781,979949999600649;18531,270254399998521;5,353969495500000
ES.IGN.SIGLIM34100303132;34100303132;Torremanzanas/la Torre de les Maçanes;ES5;ES52;ES521;03132;59824629,071800000965595;38331,737171100001433;36,479725602099997
ES.IGN.SIGLIM34100303133;34100303133;Torrevieja;ES5;ES52;ES521;03133;115546518,262999996542931;60389,078203400000348;71,630613337400007
ES.IGN.SIGLIM34100303134;34100303134;la Vall d'Alcalà;ES5;ES52;ES521;03134;37664402,134499996900558;31509,536274900001445;22,850345555299999
ES.IGN.SIGLIM34100303135;34100303135;la Vall d'Ebo;ES5;ES52;ES521;03135;53465936,291299998760223;30901,169023900001775;32,425822462200003
ES.IGN.SIGLIM34100303136;34100303136;Vall de Gallinera;ES5;ES52;ES521;03136;88506880,121800005435944;46445,070261599998048;53,634024303399997
ES.IGN.SIGLIM34100303137;34100303137;la Vall de Laguar;ES5;ES52;ES521;03137;37987051,977700002491474;31262,097765899998194;23,054637379900001
ES.IGN.SIGLIM34100303138;34100303138;el Verger;ES5;ES52;ES521;03138;13472214,452199999243021;17413,090030399998795;8,159154384940001
ES.IGN.SIGLIM34100303139;34100303139;Villajoyosa/la Vila Joiosa;ES5;ES52;ES521;03139;96321360,547099992632866;55194,054261600002064;58,870398166199998
ES.IGN.SIGLIM34100303140;34100303140;Villena;ES5;ES52;ES521;03140;566830080,687999963760376;124055,628737999999430;345,360826821999979
ES.IGN.SIGLIM34100303901;34100303901;els Poblets;ES5;ES52;ES521;03901;5966880,508709999732673;10986,994639799999277;3,613312120510000
ES.IGN.SIGLIM34100303902;34100303902;Pilar de la Horadada;ES5;ES52;ES521;03902;125220104,862000003457069;59677,640663899997890;77,839015446199994
ES.IGN.SIGLIM34100303903;34100303903;Los Montesinos;ES5;ES52;ES521;03903;24294696,322999998927116;26723,817550799998571;15,051329405400001
ES.IGN.SIGLIM34100303904;34100303904;San Isidro;ES5;ES52;ES521;03904;18960407,255199998617172;20301,120442600000388;11,698830384600001
ES.IGN.SIGLIM34101212001;34101212001;Atzeneta del Maestrat;ES5;ES52;ES522;12001;122234239,494000002741814;71874,793387500001700;71,156368952500003
ES.IGN.SIGLIM34101212002;34101212002;Aín;ES5;ES52;ES522;12002;20902494,544399999082088;21871,471580400000676;12,289452545800000
ES.IGN.SIGLIM34101212003;34101212003;Albocàsser;ES5;ES52;ES522;12003;141943561,939000010490417;61781,003795299999183;82,294513043699993
ES.IGN.SIGLIM34101212004;34101212004;Alcalà de Xivert;ES5;ES52;ES522;12004;288308268,504999995231628;85261,884455099992920;167,533137259000000
ES.IGN.SIGLIM34101212005;34101212005;l'Alcora;ES5;ES52;ES522;12005;162216358,199000000953674;59612,718794499996875;94,898693898199994
ES.IGN.SIGLIM34101212006;34101212006;Alcudia de Veo;ES5;ES52;ES522;12006;52183830,617499999701977;41925,960835999998380;30,657055545300000
ES.IGN.SIGLIM34101212007;34101212007;Alfondeguilla;ES5;ES52;ES522;12007;48103985,131499998271465;33842,859845899998618;28,327583431400001
ES.IGN.SIGLIM34101212008;34101212008;Algimia de Almonacid;ES5;ES52;ES522;12008;34604688,888700000941753;28314,119374900001276;20,332812303499999
ES.IGN.SIGLIM34104646204;34104646204;el Puig de Santa Maria;ES5;ES52;ES523;46204;45200162,691299997270107;38065,924255199999607;26,801767011100001
ES.IGN.SIGLIM34104646205;34104646205;Puçol;ES5;ES52;ES523;46205;30430492,642099998891354;25904,412890899999184;18,034093227000000
ES.IGN.SIGLIM34104646206;34104646206;Quesa;ES5;ES52;ES523;46206;121658881,510000005364418;87672,463366500000120;73,158272507000007
ES.IGN.SIGLIM34104646207;34104646207;Rafelbunyol;ES5;ES52;ES523;46207;7080007,235700000077486;15917,834123000000545;4,198527008820000
ES.IGN.SIGLIM34104646208;34104646208;Rafelcofer;ES5;ES52;ES523;46208;3365324,043039999902248;8285,317005529999733;2,033403347920000
ES.IGN.SIGLIM34104646209;34104646209;Rafelguaraf;ES5;ES52;ES523;46209;27001106,643300000578165;37466,884578500001226;16,261864159300000
ES.IGN.SIGLIM34104646210;34104646210;Ráfol de Salem;ES5;ES52;ES523;46210;7144591,801160000264645;16080,758881300000212;4,325289907310000
ES.IGN.SIGLIM34104646211;34104646211;el Real de Gandia;ES5;ES52;ES523;46211;10053326,867699999362230;14709,727997800000594;6,072088762100000
ES.IGN.SIGLIM34104646212;34104646212;Real;ES5;ES52;ES523;46212;30636661,836599998176098;28996,998700299998745;18,314563307099998
ES.IGN.SIGLIM34104646213;34104646213;Requena;ES5;ES52;ES523;46213;1366787650,579999923706055;186014,856719000003068;814,204126539999947
ES.IGN.SIGLIM34104646214;34104646214;Riba-roja de Túria;ES5;ES52;ES523;46214;96731171,553100004792213;56572,536608900001738;57,486319843399997
ES.IGN.SIGLIM34104646215;34104646215;Riola;ES5;ES52;ES523;46215;9317137,553020000457764;18892,913502499999595;5,589315521250000
ES.IGN.SIGLIM34104646216;34104646216;Rocafort;ES5;ES52;ES523;46216;3940476,930879999883473;13402,489343299999746;2,340777639600000
ES.IGN.SIGLIM34104646217;34104646217;Rotglà i Corberà;ES5;ES52;ES523;46217;10399133,308299999684095;33080,617648400002508;6,269750856790000
ES.IGN.SIGLIM34104646218;34104646218;Rótova;ES5;ES52;ES523;46218;12671721,812300000339746;18387,158286300000327;7,655375844330000
ES.IGN.SIGLIM34104646219;34104646219;Rugat;ES5;ES52;ES523;46219;5294919,278490000404418;16382,026535000000877;3,204012657570000
ES.IGN.SIGLIM34104646220;34104646220;Sagunto/Sagunt;ES5;ES52;ES523;46220;224356184,080000013113022;138113,650280000001658;132,683748669000011
ES.IGN.SIGLIM34104646221;34104646221;Salem;ES5;ES52;ES523;46221;14208161,933299999684095;17165,337069000001065;8,605262733920000
ES.IGN.SIGLIM34104646222;34104646222;Sant Joanet;ES5;ES52;ES523;46222;3086072,834150000009686;8670,160407499999565;1,857479596340000
ES.IGN.SIGLIM34104646223;34104646223;Sedaví;ES5;ES52;ES523;46223;3075075,672300000209361;11297,054842699999426;1,832521775510000
ES.IGN.SIGLIM34104646224;34104646224;Segart;ES5;ES52;ES523;46224;11230377,557199999690056;14001,168941600000835;6,643976605160000
ES.IGN.SIGLIM34104646225;34104646225;Sellent;ES5;ES52;ES523;46225;23243902,636799998581409;21720,518606900001032;14,005408448900001
ES.IGN.SIGLIM34104646226;34104646226;Sempere;ES5;ES52;ES523;46226;6328644,941510000266135;15597,086117400000148;3,825566025320000
ES.IGN.SIGLIM34104646227;34104646227;Senyera;ES5;ES52;ES523;46227;3373332,353589999955148;8514,627454490000673;2,030789667880000
ES.IGN.SIGLIM34104646228;34104646228;Serra;ES5;ES52;ES523;46228;96862731,199100002646446;45139,361982599999465;57,294256359899997
ES.IGN.SIGLIM34104646229;34104646229;Siete Aguas;ES5;ES52;ES523;46229;185906417,608000010251999;56216,184509999999136;110,595477356000004
ES.IGN.SIGLIM34104646230;34104646230;Silla;ES5;ES52;ES523;46230;41903549,634999997913837;30706,394613299999037;25,019308288300000
ES.IGN.SIGLIM34104646231;34104646231;Simat de la Valldigna;ES5;ES52;ES523;46231;63891762,809299997985363;43415,529320599998755;38,488314761799998
ES.IGN.SIGLIM34104646232;34104646232;Sinarcas;ES5;ES52;ES523;46232;173527245,909999996423721;60135,501245500003279;102,460929199000006
ES.IGN.SIGLIM34104646233;34104646233;Sollana;ES5;ES52;ES523;46233;65547259,515100002288818;46277,673781600002258;39,219805690900003
ES.IGN.SIGLIM34104646234;34104646234;Sot de Chera;ES5;ES52;ES523;46234;65370220,310699999332428;36808,136829800001578;38,749222450500000
ES.IGN.SIGLIM34104646235;34104646235;Sueca;ES5;ES52;ES523;46235;154381137,719000011682510;69824,605089000004227;92,480960686800003
ES.IGN.SIGLIM34104646236;34104646236;Sumacàrcer;ES5;ES52;ES523;46236;33391153,335000000894070;30249,188332000001537;20,089689863899999
ES.IGN.SIGLIM34104646237;34104646237;Tavernes Blanques;ES5;ES52;ES523;46237;1238422,341800000052899;4865,267108729999563;0,736254748519000
ES.IGN.SIGLIM34104646239;34104646239;Teresa de Cofrentes;ES5;ES52;ES523;46239;184299548,819000005722046;61223,439570499998808;110,804307166000001
ES.IGN.SIGLIM34104646240;34104646240;Terrateig;ES5;ES52;ES523;46240;10441819,641599999740720;17305,104218899999978;6,315510721220000
ES.IGN.SIGLIM34104646241;34104646241;Titaguas;ES5;ES52;ES523;46241;107442059,450000002980232;53582,779151100003219;63,211829393300000
ES.IGN.SIGLIM34104646242;34104646242;Torrebaja;ES5;ES52;ES523;46242;8071639,645630000159144;20701,588216600001033;4,717075740100000
ES.IGN.SIGLIM34104646243;34104646243;Torrella;ES5;ES52;ES523;46243;1896934,490299999946728;18658,855102699999406;1,144458738680000
ES.IGN.SIGLIM34104646244;34104646244;Torrent;ES5;ES52;ES523;46244;116159656,297999992966652;54823,867073900000833;69,234819008599999
ES.IGN.SIGLIM34104646245;34104646245;Torres Torres;ES5;ES52;ES523;46245;19930380,652800001204014;33126,217506599998160;11,772839198400000
ES.IGN.SIGLIM34080202005;34080202005;Alborea;ES4;ES42;ES421;02005;120454577,824000000953674;46911,748512500002107;72,051716597899997
ES.IGN.SIGLIM34080202009;34080202009;Almansa;ES4;ES42;ES421;02009;878013794,034999966621399;119740,662475999997696;531,891857845000004
ES.IGN.SIGLIM34080202010;34080202010;Alpera;ES4;ES42;ES421;02010;295829035,773000001907349;72903,122709799994482;178,473131916999989
ES.IGN.SIGLIM34080202013;34080202013;Balsa de Ves;ES4;ES42;ES421;02013;127529774,821999996900558;51031,685665600001812;76,348643596599999
ES.IGN.SIGLIM34080202020;34080202020;Carcelén;ES4;ES42;ES421;02020;125332604,435000002384186;49385,273538800000097;75,363628466899996
ES.IGN.SIGLIM34080202023;34080202023;Casas de Ves;ES4;ES42;ES421;02023;208879594,312999993562698;87804,461582699994324;125,095486131000001
ES.IGN.SIGLIM34080202024;34080202024;Casas-Ibáñez;ES4;ES42;ES421;02024;172657200,148000001907349;72489,795389899998554;103,218827959999999
ES.IGN.SIGLIM34080202025;34080202025;Caudete;ES4;ES42;ES421;02025;232885379,777000010013580;63632,053466999997909;141,602505385000001
ES.IGN.SIGLIM34104646246;34104646246;Tous;ES5;ES52;ES523;46246;212563549,634999990463257;82025,815359800006263;127,522515693000003
ES.IGN.SIGLIM34104646247;34104646247;Tuéjar;ES5;ES52;ES523;46247;206835522,953000009059906;68042,900818699999945;121,922149395999995
ES.IGN.SIGLIM34104646248;34104646248;Turís;ES5;ES52;ES523;46248;134899266,648000001907349;53811,386481599998660;80,504889805500000
ES.IGN.SIGLIM34080202077;34080202077;Villa de Ves;ES4;ES42;ES421;02077;95921356,100600004196167;45696,294208699997398;57,535263870300000
ES.IGN.SIGLIM34080202079;34080202079;Villamalea;ES4;ES42;ES421;02079;214377516,513999998569489;82170,873021899999003;127,989712811999993
ES.IGN.SIGLIM34080202082;34080202082;Villatoya;ES4;ES42;ES421;02082;31496920,952799998223782;28050,934029100000771;18,823709700500000
ES.IGN.SIGLIM34081616013;34081616013;Algarra;ES4;ES42;ES423;16013;71562704,685100004076958;47059,217118799999298;41,912978966499999
ES.IGN.SIGLIM34081616014;34081616014;Aliaguilla;ES4;ES42;ES423;16014;175718064,437000006437302;53508,590858499999740;103,804156824000003
ES.IGN.SIGLIM34081616062;34081616062;Casas de Garcimolina;ES4;ES42;ES423;16062;66020701,950599998235703;42727,964696199996979;38,685415131600003
ES.IGN.SIGLIM34081616113;34081616113;Iniesta;ES4;ES42;ES423;16113;390172685,393999993801117;200812,335461000009673;232,298388291000009
ES.IGN.SIGLIM34081616125;34081616125;Minglanilla;ES4;ES42;ES423;16125;184427387,780999988317490;67398,019396100004087;109,642981688999996
ES.IGN.SIGLIM34081616126;34081616126;Mira;ES4;ES42;ES423;16126;359726103,241999983787537;86958,386648200001218;212,860510220999998
ES.IGN.SIGLIM34081616135;34081616135;Moya;ES4;ES42;ES423;16135;156354357,351000010967255;50544,983846700000868;91,732289615200003
ES.IGN.SIGLIM34081616157;34081616157;La Pesquera;ES4;ES42;ES423;16157;121874211,283000007271767;51476,033711099997163;72,298798803799997
ES.IGN.SIGLIM34081616189;34081616189;Salvacañete;ES4;ES42;ES423;16189;206011180,101000010967255;66918,623843199995463;120,282012393000002
ES.IGN.SIGLIM34081616194;34081616194;Santa Cruz de Moya;ES4;ES42;ES423;16194;188666019,268999993801117;75345,611749799994868;110,746693883000006
ES.IGN.SIGLIM34081616202;34081616202;Talayuelas;ES4;ES42;ES423;16202;180950044,764999985694885;54246,684230099999695;106,588088463000005
ES.IGN.SIGLIM34101212132;34101212132;Vilanova d'Alcolea;ES5;ES52;ES522;12132;117532244,662000000476837;59629,756018599997333;68,409877443699997
ES.IGN.SIGLIM34101212133;34101212133;Villanueva de Viver;ES5;ES52;ES522;12133;10163636,017500000074506;17022,723488999999972;5,947178271090000
ES.IGN.SIGLIM34101212134;34101212134;Vilar de Canes;ES5;ES52;ES522;12134;27427239,203899998217821;24351,985220099999424;15,910366999800001
ES.IGN.SIGLIM34101212135;34101212135;Vila-real;ES5;ES52;ES522;12135;93863489,809900000691414;44715,431280199998582;55,123423151499999
ES.IGN.SIGLIM34101212136;34101212136;la Vilavella;ES5;ES52;ES522;12136;10444190,381599999964237;15480,950833999999304;6,145910161140000
ES.IGN.SIGLIM34101212137;34101212137;Villores;ES5;ES52;ES522;12137;9233830,397199999541044;13967,760525699999562;5,305171433370000
ES.IGN.SIGLIM34101212138;34101212138;Vinaròs;ES5;ES52;ES522;12138;165231076,710000008344650;71725,554364800002077;95,409096912999999
ES.IGN.SIGLIM34101212139;34101212139;Vistabella del Maestrat;ES5;ES52;ES522;12139;259927411,296999990940094;98760,342985900002532;150,993678761000012
ES.IGN.SIGLIM34101212140;34101212140;Viver;ES5;ES52;ES522;12140;85010736,241899996995926;43198,335431899999094;49,925732720600003
ES.IGN.SIGLIM34101212141;34101212141;Zorita del Maestrazgo;ES5;ES52;ES522;12141;120027494,605000004172325;55139,066540899999382;68,832238790100007
ES.IGN.SIGLIM34101212142;34101212142;Zucaina;ES5;ES52;ES522;12142;88320312,402700006961823;44391,026674300002924;51,569260813600003
ES.IGN.SIGLIM34101212901;34101212901;les Alqueries/Alquerías del Niño Perdido;ES5;ES52;ES522;12901;21443884,813400000333786;22982,953378499998507;12,609316446399999
ES.IGN.SIGLIM34101212902;34101212902;Sant Joan de Moró;ES5;ES52;ES522;12902;49835037,431800000369549;39417,189406500001496;29,151638084500000
ES.IGN.SIGLIM34104646073;34104646073;Bolbaite;ES5;ES52;ES523;46073;67060142,994199998676777;47052,120624100003624;40,387410947900001
ES.IGN.SIGLIM34104646074;34104646074;Bonrepòs i Mirambell;ES5;ES52;ES523;46074;1774683,185419999994338;6132,311972589999641;1,054705831730000
ES.IGN.SIGLIM34104646075;34104646075;Bufali;ES5;ES52;ES523;46075;5272671,855589999817312;16428,866258099998959;3,191835494630000
ES.IGN.SIGLIM34104646076;34104646076;Bugarra;ES5;ES52;ES523;46076;68013192,103000000119209;40602,720223900003475;40,308570715999998
ES.IGN.SIGLIM34104646077;34104646077;Buñol;ES5;ES52;ES523;46077;188649296,956000000238419;74744,476182099999278;112,404138889999999
ES.IGN.SIGLIM34104646078;34104646078;Burjassot;ES5;ES52;ES523;46078;5793220,288359999656677;11417,804797200000394;3,444061916680000
ES.IGN.SIGLIM34104646079;34104646079;Calles;ES5;ES52;ES523;46079;109281045,091999992728233;65283,766023700001824;64,535486765900004
ES.IGN.SIGLIM34104646080;34104646080;Camporrobles;ES5;ES52;ES523;46080;151096958,662999987602234;75789,934171800006879;89,497187755799999
ES.IGN.SIGLIM34104646082;34104646082;Canet d'En Berenguer;ES5;ES52;ES523;46082;6600560,045049999840558;14561,403448900000512;3,904667978310000
ES.IGN.SIGLIM34104646084;34104646084;Càrcer;ES5;ES52;ES523;46084;12299238,978099999949336;24173,168604499998764;7,405273225470000
ES.IGN.SIGLIM34104646085;34104646085;Carlet;ES5;ES52;ES523;46085;76144924,029400005936623;40934,697782600000210;45,621073202100000
ES.IGN.SIGLIM34104646086;34104646086;Carrícola;ES5;ES52;ES523;46086;7592726,884739999659359;13718,589513000000807;4,599314139790000
ES.IGN.SIGLIM34104646087;34104646087;Casas Altas;ES5;ES52;ES523;46087;27236843,103300001472235;35668,567705300003581;15,949077254800001
ES.IGN.SIGLIM34104646088;34104646088;Casas Bajas;ES5;ES52;ES523;46088;38665470,262599997222424;27899,557373799998459;22,653622455800001
ES.IGN.SIGLIM34104646089;34104646089;Casinos;ES5;ES52;ES523;46089;70172571,865999996662140;32835,264622199996666;41,484511439400002
ES.IGN.SIGLIM34104646090;34104646090;Castelló de Rugat;ES5;ES52;ES523;46090;31435249,287599999457598;37243,042242000003171;19,022698657399999
ES.IGN.SIGLIM34104646091;34104646091;Castellonet de la Conquesta;ES5;ES52;ES523;46091;8985617,696249999105930;14981,937130500000421;5,433465121160000
ES.IGN.SIGLIM34104646092;34104646092;Castielfabib;ES5;ES52;ES523;46092;182014729,087999999523163;82158,812049800006207;106,286241731999993
ES.IGN.SIGLIM34104646093;34104646093;Catadau;ES5;ES52;ES523;46093;59215447,821099996566772;40172,655526000002283;35,457120338099998
ES.IGN.SIGLIM34104646094;34104646094;Catarroja;ES5;ES52;ES523;46094;22060676,674600001424551;31381,302989100000559;13,156861830900000
ES.IGN.SIGLIM34104646095;34104646095;Caudete de las Fuentes;ES5;ES52;ES523;46095;58260321,385899998247623;33678,413759100003517;34,598691972499999
ES.IGN.SIGLIM34104646096;34104646096;Cerdà;ES5;ES52;ES523;46096;2522712,707239999901503;32768,604250299998967;1,522076732430000
ES.IGN.SIGLIM34104646097;34104646097;Cofrentes;ES5;ES52;ES523;46097;172318156,793999999761581;61067,570610599999782;103,182885967000004
ES.IGN.SIGLIM34104646098;34104646098;Corbera;ES5;ES52;ES523;46098;33757603,818499997258186;31996,918835600001330;20,268567709500001
ES.IGN.SIGLIM34104646099;34104646099;Cortes de Pallás;ES5;ES52;ES523;46099;389090476,115999996662140;100094,048196000003372;233,020544405000010
ES.IGN.SIGLIM34104646100;34104646100;Cotes;ES5;ES52;ES523;46100;10505738,812899999320507;19644,649829400001181;6,325684182820000
ES.IGN.SIGLIM34104646101;34104646101;Quart de les Valls;ES5;ES52;ES523;46101;14271745,063500000163913;15818,047658299999966;8,427149446800000
ES.IGN.SIGLIM34104646102;34104646102;Quart de Poblet;ES5;ES52;ES523;46102;33141134,448899999260902;41662,145050300001458;19,722449826799998
ES.IGN.SIGLIM34104646103;34104646103;Quartell;ES5;ES52;ES523;46103;5379701,982409999705851;22490,592212899999140;3,178083566120000
ES.IGN.SIGLIM34104646104;34104646104;Quatretonda;ES5;ES52;ES523;46104;72145500,057099997997284;51915,339604399996460;43,549057533599999
ES.IGN.SIGLIM34104646105;34104646105;Cullera;ES5;ES52;ES523;46105;89611496,949900001287460;58958,737836200001766;53,798245099699997
ES.IGN.SIGLIM34104646106;34104646106;Chelva;ES5;ES52;ES523;46106;322693406,646000027656555;127545,152119999998831;190,553824730000002
ES.IGN.SIGLIM34104646107;34104646107;Chella;ES5;ES52;ES523;46107;72193951,658800005912781;52787,508455700000923;43,492609864099997
ES.IGN.SIGLIM34104646108;34104646108;Chera;ES5;ES52;ES523;46108;83780880,796200007200241;41245,098620899996604;49,699046989899998
ES.IGN.SIGLIM34104646109;34104646109;Cheste;ES5;ES52;ES523;46109;120176789,216999992728233;57295,736382600000070;71,443734164600002
ES.IGN.SIGLIM34104646110;34104646110;Xirivella;ES5;ES52;ES523;46110;8617036,734449999406934;12895,555579899999429;5,129967356230000
ES.IGN.SIGLIM34104646111;34104646111;Chiva;ES5;ES52;ES523;46111;300463806,629999995231628;107753,439343999998528;178,728528425000007
ES.IGN.SIGLIM34104646112;34104646112;Chulilla;ES5;ES52;ES523;46112;104348839,237000003457069;42343,912253900001815;61,780523666199997
ES.IGN.SIGLIM34104646113;34104646113;Daimús;ES5;ES52;ES523;46113;5202976,283479999750853;11589,378296799999589;3,140411447880000
ES.IGN.SIGLIM34104646117;34104646117;Emperador;ES5;ES52;ES523;46117;43482,386886599997524;892,735728673000040;0,025816397845000
ES.IGN.SIGLIM34104646118;34104646118;Enguera;ES5;ES52;ES523;46118;400436347,462000012397766;99192,656874499996775;241,749514650000009
ES.IGN.SIGLIM34104646119;34104646119;l'Ènova;ES5;ES52;ES523;46119;12738625,994400000199676;27037,852355899998656;7,673583361350000
ES.IGN.SIGLIM34104646120;34104646120;Estivella;ES5;ES52;ES523;46120;35394235,767499998211861;25887,839815300001646;20,917707928100000
ES.IGN.SIGLIM34104646121;34104646121;Estubeny;ES5;ES52;ES523;46121;10647211,268300000578165;14021,234710400000040;6,418308199560000
ES.IGN.SIGLIM34104646122;34104646122;Faura;ES5;ES52;ES523;46122;2770075,437590000219643;12533,181221299999379;1,636461753080000
ES.IGN.SIGLIM34104646123;34104646123;Favara;ES5;ES52;ES523;46123;15724532,145800000056624;17037,272167200000695;9,452078142120000
ES.IGN.SIGLIM34104646124;34104646124;Fontanars dels Alforins;ES5;ES52;ES523;46124;123080448,732999995350838;53191,760703599997214;74,688396192699997
ES.IGN.SIGLIM34104646125;34104646125;Fortaleny;ES5;ES52;ES523;46125;7612698,911039999686182;20003,257119900001271;4,568414773340000
ES.IGN.SIGLIM34104646126;34104646126;Foios;ES5;ES52;ES523;46126;10884383,472999999299645;27445,642251299999771;6,463884075150000
ES.IGN.SIGLIM34104646127;34104646127;la Font d'En Carròs;ES5;ES52;ES523;46127;16373038,353499999269843;17665,530332400001498;9,898310152710000
ES.IGN.SIGLIM34104646128;34104646128;la Font de la Figuera;ES5;ES52;ES523;46128;139155041,013999998569489;55140,354771799997252;84,335045878299994
ES.IGN.SIGLIM34104646129;34104646129;Fuenterrobles;ES5;ES52;ES523;46129;83350611,891200006008148;38430,298599200003082;49,452475628199998
ES.IGN.SIGLIM34104646130;34104646130;Gavarda;ES5;ES52;ES523;46130;13277145,489299999549985;21054,876855700000306;7,986623821590000
ES.IGN.SIGLIM34104646131;34104646131;Gandia;ES5;ES52;ES523;46131;101275456,981999993324280;75888,612238700006856;61,106693428800000
ES.IGN.SIGLIM34104646133;34104646133;Gestalgar;ES5;ES52;ES523;46133;117547222,748999997973442;51153,847352299999329;69,734535890399997
ES.IGN.SIGLIM34104646134;34104646134;Gilet;ES5;ES52;ES523;46134;19064694,400600001215935;19219,284659400000237;11,281466193600000
ES.IGN.SIGLIM34104646135;34104646135;Godella;ES5;ES52;ES523;46135;14145924,661299999803305;21445,703634500001499;8,403086449260000
ES.IGN.SIGLIM34104646136;34104646136;Godelleta;ES5;ES52;ES523;46136;62845030,918899998068810;36102,937703399999009;37,448787035000002
ES.IGN.SIGLIM34104646137;34104646137;la Granja de la Costera;ES5;ES52;ES523;46137;1378227,845179999945685;16835,584378399998968;0,831424512211000
ES.IGN.SIGLIM34104646138;34104646138;Guadasséquies;ES5;ES52;ES523;46138;5393987,687359999865294;13829,993890499999907;3,259786556080000
ES.IGN.SIGLIM34104646139;34104646139;Guadassuar;ES5;ES52;ES523;46139;58896719,598300002515316;67704,177145900001051;35,339490854899999
ES.IGN.SIGLIM34104646140;34104646140;Guardamar de la Safor;ES5;ES52;ES523;46140;1802079,599110000068322;7903,929850200000146;1,087963795420000
ES.IGN.SIGLIM34104646141;34104646141;Higueruelas;ES5;ES52;ES523;46141;31856497,352800000458956;26570,922197500000038;18,795620667600001
ES.IGN.SIGLIM34104646142;34104646142;Jalance;ES5;ES52;ES523;46142;158004977,944999992847443;63372,280081600001722;94,768533127100000
ES.IGN.SIGLIM34104646143;34104646143;Xeraco;ES5;ES52;ES523;46143;33671004,073399998247623;30625,719113899998774;20,286269277199999
ES.IGN.SIGLIM34104646144;34104646144;Jarafuel;ES5;ES52;ES523;46144;171648791,470999985933304;71845,160036999994190;103,090779835999996
ES.IGN.SIGLIM34104646145;34104646145;Xàtiva;ES5;ES52;ES523;46145;126959978,069999992847443;197304,595116000011330;76,564395148900005
ES.IGN.SIGLIM34104646146;34104646146;Xeresa;ES5;ES52;ES523;46146;27942912,660100001841784;27502,883479500000249;16,846327993599999
ES.IGN.SIGLIM34104646150;34104646150;Llutxent;ES5;ES52;ES523;46150;66418849,670900002121925;47476,970344100001967;40,118547362199998
ES.IGN.SIGLIM34104646151;34104646151;Llocnou d'En Fenollet;ES5;ES52;ES523;46151;2540550,781270000152290;18547,947200400001748;1,531790478120000
ES.IGN.SIGLIM34104646152;34104646152;Llocnou de la Corona;ES5;ES52;ES523;46152;70252,106002800006536;1157,503629130000036;0,041868322760000
ES.IGN.SIGLIM34104646153;34104646153;Llocnou de Sant Jeroni;ES5;ES52;ES523;46153;10703449,617699999362230;14211,558683999999630;6,472939151020000
ES.IGN.SIGLIM34104646190;34104646190;Paterna;ES5;ES52;ES523;46190;60331519,079899996519089;44369,046545600001991;35,850699628500003
ES.IGN.SIGLIM34104646155;34104646155;Llaurí;ES5;ES52;ES523;46155;22678535,302999999374151;27847,882981399998243;13,624629602000001
ES.IGN.SIGLIM34104646156;34104646156;Llombai;ES5;ES52;ES523;46156;92916211,026899993419647;51991,099892600002931;55,574009613500003
ES.IGN.SIGLIM34104646191;34104646191;Pedralba;ES5;ES52;ES523;46191;99237435,408600002527237;44643,546131100003549;58,847453641100003
ES.IGN.SIGLIM34104646192;34104646192;Petrés;ES5;ES52;ES523;46192;3169187,415560000110418;8772,014130379999187;1,874612034650000
ES.IGN.SIGLIM34104646193;34104646193;Picanya;ES5;ES52;ES523;46193;12083998,534399999305606;19033,828614699999889;7,199130615600000
ES.IGN.SIGLIM34104646194;34104646194;Picassent;ES5;ES52;ES523;46194;143641389,360000014305115;49634,849279800000659;85,786154121099997
ES.IGN.SIGLIM34104646195;34104646195;Piles;ES5;ES52;ES523;46195;6463623,412139999680221;10876,892172899999423;3,904329531270000
ES.IGN.SIGLIM34104646196;34104646196;Pinet;ES5;ES52;ES523;46196;19704589,082800000905991;21596,175793300000805;11,889218768399999
ES.IGN.SIGLIM34104646157;34104646157;la Llosa de Ranes;ES5;ES52;ES523;46157;11824236,574200000613928;22504,816060500001186;7,125679891600000
ES.IGN.SIGLIM34104646158;34104646158;Macastre;ES5;ES52;ES523;46158;63049866,056500002741814;33881,498459499998717;37,654294974199999
ES.IGN.SIGLIM34104646159;34104646159;Manises;ES5;ES52;ES523;46159;33048242,648099999874830;27425,081020500001614;19,652719491999999
ES.IGN.SIGLIM34104646160;34104646160;Manuel;ES5;ES52;ES523;46160;10044042,237099999561906;19415,381499899998744;6,048382905570000
ES.IGN.SIGLIM34104646161;34104646161;Marines;ES5;ES52;ES523;46161;60463298,428499996662140;48090,034542200002761;35,723616262400000
ES.IGN.SIGLIM34104646162;34104646162;Massalavés;ES5;ES52;ES523;46162;12461018,928200000897050;16965,641892999999982;7,482877231640000
ES.IGN.SIGLIM34104646163;34104646163;Massalfassar;ES5;ES52;ES523;46163;4253031,470060000196099;10604,487232400000721;2,525059136940000
ES.IGN.SIGLIM34104646164;34104646164;Massamagrell;ES5;ES52;ES523;46164;10479214,880000000819564;25001,965225200001441;6,218153013700000
ES.IGN.SIGLIM34104646165;34104646165;Massanassa;ES5;ES52;ES523;46165;9376132,586750000715256;22221,487023900001077;5,591720372090000
ES.IGN.SIGLIM34104646166;34104646166;Meliana;ES5;ES52;ES523;46166;7905612,216489999555051;12752,709814800000458;4,697609260900000
ES.IGN.SIGLIM34104646167;34104646167;Millares;ES5;ES52;ES523;46167;175982095,025000005960464;58801,684897999999521;105,507201174000002
ES.IGN.SIGLIM34104646168;34104646168;Miramar;ES5;ES52;ES523;46168;4214809,044019999913871;10201,636510700000144;2,545199845000000
ES.IGN.SIGLIM34104646169;34104646169;Mislata;ES5;ES52;ES523;46169;3415291,329009999986738;10822,308963400000721;2,032244014280000
ES.IGN.SIGLIM34104646171;34104646171;Moncada;ES5;ES52;ES523;46171;26667074,269099999219179;29082,268193700001575;15,828734752700001
ES.IGN.SIGLIM34104646172;34104646172;Montserrat;ES5;ES52;ES523;46172;76343359,894999995827675;35585,383929600000556;45,573577815699998
ES.IGN.SIGLIM34104646173;34104646173;Montaverner;ES5;ES52;ES523;46173;12227566,945699999108911;19181,633265899999969;7,398171560300000
ES.IGN.SIGLIM34104646174;34104646174;Montesa;ES5;ES52;ES523;46174;79644479,300999999046326;38067,640761700000439;48,113128370900000
ES.IGN.SIGLIM34104646175;34104646175;Montitxelvo/Montichelvo;ES5;ES52;ES523;46175;13498186,114099999889731;18393,858325900000636;8,165320755470001
ES.IGN.SIGLIM34104646176;34104646176;Montroi/Montroy;ES5;ES52;ES523;46176;52538817,365099996328354;30138,378559600001608;31,390547773600002
ES.IGN.SIGLIM34104646177;34104646177;Museros;ES5;ES52;ES523;46177;20987741,550700001418591;24354,453525000000809;12,453513702200000
ES.IGN.SIGLIM34104646178;34104646178;Náquera;ES5;ES52;ES523;46178;65351383,920500002801418;35191,396403400001873;38,708037365300001
ES.IGN.SIGLIM34104646179;34104646179;Navarrés;ES5;ES52;ES523;46179;78196221,899399995803833;41996,577930100000231;47,038344735700001
ES.IGN.SIGLIM34104646180;34104646180;Novelé/Novetlè;ES5;ES52;ES523;46180;2438600,767239999957383;9546,089444870000079;1,471625844150000
ES.IGN.SIGLIM34104646181;34104646181;Oliva;ES5;ES52;ES523;46181;99465727,477400004863739;56737,896512500003155;60,162010768000002
ES.IGN.SIGLIM34104646182;34104646182;Olocau;ES5;ES52;ES523;46182;63228703,940899997949600;35734,287939399997413;37,395913912700003
ES.IGN.SIGLIM34104646183;34104646183;l'Olleria;ES5;ES52;ES523;46183;53303482,400100000202656;34471,513737100001890;32,224627237699998
ES.IGN.SIGLIM34104646184;34104646184;Ontinyent;ES5;ES52;ES523;46184;206888161,861000001430511;62524,507348200000706;125,430329022999999
ES.IGN.SIGLIM34104646185;34104646185;Otos;ES5;ES52;ES523;46185;18284228,624299999326468;37355,052716400001373;11,067832057100000
ES.IGN.SIGLIM34104646186;34104646186;Paiporta;ES5;ES52;ES523;46186;6640383,084499999880791;11489,377683999999135;3,956958859470000
ES.IGN.SIGLIM34104646187;34104646187;Palma de Gandía;ES5;ES52;ES523;46187;23047881,724599998444319;34631,321848100000352;13,921532139900000
ES.IGN.SIGLIM34104646188;34104646188;Palmera;ES5;ES52;ES523;46188;1618719,712599999969825;6713,325686629999836;0,977831671366000
ES.IGN.SIGLIM34104646189;34104646189;el Palomar;ES5;ES52;ES523;46189;12812620,912000000476837;32329,554338800000551;7,759131555940000
ES.IGN.SIGLIM34104646197;34104646197;Polinyà de Xúquer;ES5;ES52;ES523;46197;15290959,095000000670552;27359,167854200000875;9,172730090869999
ES.IGN.SIGLIM34104646198;34104646198;Potries;ES5;ES52;ES523;46198;5081318,941829999908805;12876,002590199999759;3,071898329750000
ES.IGN.SIGLIM34104646199;34104646199;la Pobla de Farnals;ES5;ES52;ES523;46199;6108187,220830000005662;23936,018640199999936;3,624601164860000
ES.IGN.SIGLIM34104646200;34104646200;la Pobla del Duc;ES5;ES52;ES523;46200;31202951,514400001615286;34323,314639199998055;18,868688922400001
ES.IGN.SIGLIM34104646201;34104646201;Puebla de San Miguel;ES5;ES52;ES523;46201;108649509,991999998688698;45257,248144700002740;63,579871679000000
ES.IGN.SIGLIM34104646202;34104646202;la Pobla de Vallbona;ES5;ES52;ES523;46202;55832095,108699999749660;43282,984534299997904;33,102882858000001
ES.IGN.SIGLIM34104646203;34104646203;la Pobla Llarga;ES5;ES52;ES523;46203;16773808,411800000816584;27804,290610399999423;10,093236504400000
ES.IGN.SIGLIM34104646251;34104646251;Vallada;ES5;ES52;ES523;46251;101682443,576000005006790;47321,992305400002806;61,497588241000003
ES.IGN.SIGLIM34104646252;34104646252;Vallanca;ES5;ES52;ES523;46252;96733766,865099996328354;48150,064588900000672;56,609147239599999
ES.IGN.SIGLIM34104646253;34104646253;Vallés;ES5;ES52;ES523;46253;2048146,174799999920651;18936,891669699998602;1,235659895980000
ES.IGN.SIGLIM34104646254;34104646254;Venta del Moro;ES5;ES52;ES523;46254;457822150,984000027179718;144199,108156000002054;272,584404478000010
ES.IGN.SIGLIM34104646255;34104646255;Vilallonga/Villalonga;ES5;ES52;ES523;46255;71587969,258000001311302;41361,819688800002041;43,318966097699999
ES.IGN.SIGLIM34104646256;34104646256;Vilamarxant;ES5;ES52;ES523;46256;119743386,959999993443489;47542,563178900003550;71,081210119500000
ES.IGN.SIGLIM34104646257;34104646257;Villanueva de Castellón;ES5;ES52;ES523;46257;33732562,559000000357628;31984,845337499999005;20,302458029299999
ES.IGN.SIGLIM34104646258;34104646258;Villar del Arzobispo;ES5;ES52;ES523;46258;68857808,145899996161461;37755,212315400000080;40,702789304800000
ES.IGN.SIGLIM34104646259;34104646259;Villargordo del Cabriel;ES5;ES52;ES523;46259;120536350,719999998807907;47324,864818200003356;71,609711777300006
ES.IGN.SIGLIM34104646260;34104646260;Vinalesa;ES5;ES52;ES523;46260;2573119,311139999888837;8682,156049260000145;1,528570738840000
ES.IGN.SIGLIM34104646261;34104646261;Yátova;ES5;ES52;ES523;46261;201416003,999000012874603;64886,883736700001464;120,244031028999999
ES.IGN.SIGLIM34104646262;34104646262;La Yesa;ES5;ES52;ES523;46262;144055312,006000012159348;59106,091829500001040;84,675538178799997
ES.IGN.SIGLIM34104646263;34104646263;Zarra;ES5;ES52;ES523;46263;82671967,180299997329712;46095,118056100000103;49,719932440000001
ES.IGN.SIGLIM34104646902;34104646902;Gátova;ES5;ES52;ES523;46902;51529466,518100000917912;41387,877797200002533;30,412260301100002
ES.IGN.SIGLIM34104646903;34104646903;San Antonio de Benagéber;ES5;ES52;ES523;46903;14726906,242499999701977;22605,818031499999051;8,741589902630000
ES.IGN.SIGLIM34104646904;34104646904;Benicull de Xúquer;ES5;ES52;ES523;46904;5829139,688570000231266;10772,631699699999444;3,497315967680000
ES.IGN.SIGLIM34101212128;34101212128;Vilafamés;ES5;ES52;ES522;12128;120535265,797999992966652;60814,001291000000492;70,399419140999996
ES.IGN.SIGLIM34101212130;34101212130;Villahermosa del Río;ES5;ES52;ES522;12130;186884512,745999991893768;61637,137449499998183;108,884146805000000
ES.IGN.SIGLIM34101212131;34101212131;Villamalur;ES5;ES52;ES522;12131;33186218,175000000745058;27333,391920099998970;19,474769111299999
ES.IGN.SIGLIM34101212010;34101212010;Almedíjar;ES5;ES52;ES522;12010;35522310,017999999225140;26095,314896200001385;20,898021099400001
ES.IGN.SIGLIM34101212011;34101212011;Almenara;ES5;ES52;ES522;12011;46859727,465800002217293;30814,503597300001275;27,664584740199999
ES.IGN.SIGLIM34101212012;34101212012;Altura;ES5;ES52;ES522;12012;219877502,342000007629395;62484,371602699997311;129,570255320000001
ES.IGN.SIGLIM34101212013;34101212013;Arañuel;ES5;ES52;ES522;12013;32769883,352299999445677;24858,175086499999452;19,161008537099999
ES.IGN.SIGLIM34101212014;34101212014;Ares del Maestrat;ES5;ES52;ES522;12014;205114993,409000009298325;70856,479507700001705;118,668389059999996
ES.IGN.SIGLIM34101212015;34101212015;Argelita;ES5;ES52;ES522;12015;26444410,926800001412630;25757,506689900001220;15,469739230300000
ES.IGN.SIGLIM34101212016;34101212016;Artana;ES5;ES52;ES522;12016;61791554,952500000596046;33843,874201500002528;36,328210991399999
ES.IGN.SIGLIM34101212017;34101212017;Ayódar;ES5;ES52;ES522;12017;41557934,246600002050400;30783,325070999999298;24,364151482000000
ES.IGN.SIGLIM34101212018;34101212018;Azuébar;ES5;ES52;ES522;12018;39751521,439400002360344;29263,886743200000637;23,400745886599999
ES.IGN.SIGLIM34101212020;34101212020;Barracas;ES5;ES52;ES522;12020;71909893,467299997806549;40927,013171099999454;42,150296844400003
ES.IGN.SIGLIM34101212021;34101212021;Betxí;ES5;ES52;ES522;12021;36492162,769100002944469;24633,847529300001042;21,438190173399999
ES.IGN.SIGLIM34101212022;34101212022;Bejís;ES5;ES52;ES522;12022;72049979,900499999523163;37930,515863100001297;42,352454403700001
ES.IGN.SIGLIM34101212024;34101212024;Benafer;ES5;ES52;ES522;12024;29034440,001600001007318;38966,747340900001291;17,032897707600000
ES.IGN.SIGLIM34101212029;34101212029;Benlloc;ES5;ES52;ES522;12029;74706058,642800003290176;58064,131419999997888;43,523329355199998
ES.IGN.SIGLIM34101212031;34101212031;Borriol;ES5;ES52;ES522;12031;104136932,568000003695488;48789,731054900003073;60,948607726699997
ES.IGN.SIGLIM34101212039;34101212039;Castellnovo;ES5;ES52;ES522;12039;32622928,711100000888109;28913,841125200000533;19,202259265399999
ES.IGN.SIGLIM34101212040;34101212040;Castellón de la Plana/Castelló de la Plana;ES5;ES52;ES522;12040;186647129,002000004053116;88357,176760100002866;109,406809924000001
ES.IGN.SIGLIM34101212043;34101212043;Caudiel;ES5;ES52;ES522;12043;106387914,539000004529953;63725,259165800001938;62,380970430100000
ES.IGN.SIGLIM34101212044;34101212044;Cervera del Maestre;ES5;ES52;ES522;12044;161148835,439000010490417;52561,301373200003582;93,235891056499995
ES.IGN.SIGLIM34101212045;34101212045;Cinctorres;ES5;ES52;ES522;12045;60842930,294200003147125;42997,508457199997792;35,063828409599999
ES.IGN.SIGLIM34101212046;34101212046;Cirat;ES5;ES52;ES522;12046;70224060,091199994087219;37440,340638800000306;41,099462331200002
ES.IGN.SIGLIM34101212048;34101212048;Cortes de Arenoso;ES5;ES52;ES522;12048;138178131,115000009536743;57718,184470799998962;80,586760183500004
ES.IGN.SIGLIM34101212049;34101212049;Costur;ES5;ES52;ES522;12049;37544114,247400000691414;30208,883945599998697;21,927982095600001
ES.IGN.SIGLIM34101212050;34101212050;les Coves de Vinromà;ES5;ES52;ES522;12050;234987126,969999998807907;82000,134048599997186;136,436680937000006
ES.IGN.SIGLIM34101212051;34101212051;Culla;ES5;ES52;ES522;12051;199454595,020999997854233;119871,796510000000126;115,858985324000002
ES.IGN.SIGLIM34101212052;34101212052;Xert;ES5;ES52;ES522;12052;142989957,907000005245209;57372,793378800000937;82,508790254000004
ES.IGN.SIGLIM34101212053;34101212053;Chilches/Xilxes;ES5;ES52;ES522;12053;22917444,165500000119209;20913,411013900000398;13,518625296300000
ES.IGN.SIGLIM34101212055;34101212055;Chodos/Xodos;ES5;ES52;ES522;12055;76027432,387700006365776;37237,804031400002714;44,263048463399997
ES.IGN.SIGLIM34101212056;34101212056;Chóvar;ES5;ES52;ES522;12056;31099993,236499998718500;24587,599995000000490;18,308600873900001
ES.IGN.SIGLIM34101212057;34101212057;Eslida;ES5;ES52;ES522;12057;30821573,774599999189377;24577,097671600000467;18,124889909099998
ES.IGN.SIGLIM34101212058;34101212058;Espadilla;ES5;ES52;ES522;12058;20422825,872200001031160;22467,384723399998620;11,963266453599999
ES.IGN.SIGLIM34101212059;34101212059;Fanzara;ES5;ES52;ES522;12059;59691785,059799998998642;35739,704385299999558;34,974638657100002
ES.IGN.SIGLIM34101212060;34101212060;Figueroles;ES5;ES52;ES522;12060;20699440,129099998623133;22109,679158700000698;12,088056051200001
ES.IGN.SIGLIM34101212061;34101212061;Forcall;ES5;ES52;ES522;12061;68194229,069800004363060;60378,175579800001287;39,206098350100000
ES.IGN.SIGLIM34101212063;34101212063;Fuente la Reina;ES5;ES52;ES522;12063;12816556,164699999615550;20534,815278300000500;7,499721670260000
ES.IGN.SIGLIM34101212064;34101212064;Fuentes de Ayódar;ES5;ES52;ES522;12064;18750118,429099999368191;17043,149927499998739;10,983471026800000
ES.IGN.SIGLIM34101212065;34101212065;Gaibiel;ES5;ES52;ES522;12065;30780479,484600000083447;28774,099141099999542;18,078328152400001
ES.IGN.SIGLIM34101212067;34101212067;Geldo;ES5;ES52;ES522;12067;956750,275313999969512;4631,867223530000047;0,563454447318000
ES.IGN.SIGLIM34101212068;34101212068;Herbés;ES5;ES52;ES522;12068;47245252,586499996483326;36735,830954099998053;27,120207007299999
ES.IGN.SIGLIM34101212069;34101212069;Higueras;ES5;ES52;ES522;12069;20202931,655200000852346;20150,225560899998527;11,844463686499999
ES.IGN.SIGLIM34101212070;34101212070;la Jana;ES5;ES52;ES522;12070;33766273,042199999094009;25611,620543400000315;19,502190352200000
ES.IGN.SIGLIM34101212073;34101212073;Ludiente;ES5;ES52;ES522;12073;53636353,012699998915195;39127,104816099999880;31,350798454600000
ES.IGN.SIGLIM34101212074;34101212074;la Llosa;ES5;ES52;ES522;12074;16931631,155799999833107;21994,680037499998434;9,991272112770000
ES.IGN.SIGLIM34101212075;34101212075;la Mata de Morella;ES5;ES52;ES522;12075;26332933,431200001388788;31005,622467599998345;15,159826045899999
ES.IGN.SIGLIM34101212076;34101212076;Matet;ES5;ES52;ES522;12076;25358252,924300000071526;23434,555621600000450;14,887626372500000
ES.IGN.SIGLIM34101212077;34101212077;Moncofa;ES5;ES52;ES522;12077;24361496,428100001066923;22071,521263899998303;14,362507505000000
ES.IGN.SIGLIM34101212078;34101212078;Montán;ES5;ES52;ES522;12078;58224238,818899996578693;39157,054746599998907;34,098100541400001
ES.IGN.SIGLIM34101212079;34101212079;Montanejos;ES5;ES52;ES522;12079;64619017,681000001728535;41389,893176199999289;37,799141609000003
ES.IGN.SIGLIM34101212080;34101212080;Morella;ES5;ES52;ES522;12080;718027068,320999979972839;196503,569706000009319;413,532974002999993
ES.IGN.SIGLIM34101212081;34101212081;Navajas;ES5;ES52;ES522;12081;13411911,652400000020862;14017,851706900000863;7,888255566120000
ES.IGN.SIGLIM34101212083;34101212083;Olocau del Rey;ES5;ES52;ES522;12083;76461901,311599999666214;38679,150026800001797;43,979712108500003
ES.IGN.SIGLIM34101212112;34101212112;Todolella;ES5;ES52;ES522;12112;59159706,849299997091293;39698,208989799997653;34,024888259100003
ES.IGN.SIGLIM34101212113;34101212113;Toga;ES5;ES52;ES522;12113;23108184,840700000524521;26383,701103399998829;13,524193468200000
ES.IGN.SIGLIM34101212114;34101212114;Torás;ES5;ES52;ES522;12114;28573171,729400001466274;22835,381695700001728;16,782275476300001
ES.IGN.SIGLIM34101212116;34101212116;Torralba del Pinar;ES5;ES52;ES522;12116;36151583,862899996340275;28044,332778200001485;21,192812432600000
ES.IGN.SIGLIM34101212118;34101212118;Torrechiva;ES5;ES52;ES522;12118;20241585,359299998730421;19576,571641499998805;11,847337146899999
ES.IGN.SIGLIM34101212119;34101212119;la Torre d'En Besora;ES5;ES52;ES522;12119;21199466,604899998754263;20635,126202200000989;12,309912915300000
ES.IGN.SIGLIM34101212120;34101212120;la Torre d'en Doménec;ES5;ES52;ES522;12120;5477757,526270000264049;9906,401790059999257;3,185658945320000
ES.IGN.SIGLIM34101212121;34101212121;Traiguera;ES5;ES52;ES522;12121;103609848,664000004529953;65437,014696899997944;59,758460033600002
ES.IGN.SIGLIM34101212123;34101212123;Vallat;ES5;ES52;ES522;12123;8548416,706189999356866;12015,852397000000565;5,005130184260000
ES.IGN.SIGLIM34101212124;34101212124;Vall d'Alba;ES5;ES52;ES522;12124;90758557,961300000548363;42775,094107800003258;52,915000520299998
ES.IGN.SIGLIM34101212125;34101212125;Vall de Almonacid;ES5;ES52;ES522;12125;35926307,220799997448921;27182,011251299998548;21,120113783000001
ES.IGN.SIGLIM34101212126;34101212126;la Vall d'Uixó;ES5;ES52;ES522;12126;113827196,172999992966652;47974,543323799996870;67,078837866499995
ES.IGN.SIGLIM34101212127;34101212127;Vallibona;ES5;ES52;ES522;12127;158694526,217000007629395;59489,097230699997453;91,369649208799999
ES.IGN.SIGLIM34101212009;34101212009;Almassora;ES5;ES52;ES522;12009;56226046,704000003635883;47681,578038599996944;33,002583812399997
ES.IGN.SIGLIM34101212027;34101212027;Benicarló;ES5;ES52;ES522;12027;82675073,917300000786781;42608,679288400002406;47,832799875699997
ES.IGN.SIGLIM34101212028;34101212028;Benicasim/Benicàssim;ES5;ES52;ES522;12028;62131535,915500000119209;40233,378662700000859;36,357520009200002
ES.IGN.SIGLIM34101212038;34101212038;Castellfort;ES5;ES52;ES522;12038;115559023,819000005722046;61205,401938199996948;66,735026851499995
ES.IGN.SIGLIM34101212041;34101212041;Castillo de Villamalefa;ES5;ES52;ES522;12041;64660674,405900001525879;59765,176328900000954;37,739022021200000
ES.IGN.SIGLIM34101212042;34101212042;Catí;ES5;ES52;ES522;12042;177058389,523999989032745;78244,455944000001182;102,346403297999998
ES.IGN.SIGLIM34101212071;34101212071;Jérica;ES5;ES52;ES522;12071;133118373,593999996781349;75420,644362199993338;78,274937063500005
ES.IGN.SIGLIM34101212072;34101212072;Llucena/Lucena del Cid;ES5;ES52;ES522;12072;234811987,287000000476837;81270,686957600002643;137,032738864000009
ES.IGN.SIGLIM34101212082;34101212082;Nules;ES5;ES52;ES522;12082;85479427,229900002479553;62895,046954899997218;50,316552899999998
ES.IGN.SIGLIM34101212111;34101212111;Tírig;ES5;ES52;ES522;12111;73152739,958000004291534;46708,280178200002410;42,337012954000002
ES.IGN.SIGLIM34101212115;34101212115;El Toro;ES5;ES52;ES522;12115;187365132,828999996185303;73466,673510399996303;109,946195474999996
ES.IGN.SIGLIM34101212117;34101212117;Torreblanca;ES5;ES52;ES522;12117;51177755,269400000572205;30918,803073200000654;29,813992158200001
ES.IGN.SIGLIM34101212122;34101212122;Useras/les Useres;ES5;ES52;ES522;12122;138373817,485000014305115;57699,322958700002346;80,684953534800002
ES.IGN.SIGLIM34101212129;34101212129;Vilafranca/Villafranca del Cid;ES5;ES52;ES522;12129;162143040,518000006675720;68278,602045699997689;93,843655821200002
ES.IGN.SIGLIM34104646071;34104646071;Bicorp;ES5;ES52;ES523;46071;227055528,715000003576279;66143,423819699994056;136,503698958999991
ES.IGN.SIGLIM34104646072;34104646072;Bocairent;ES5;ES52;ES523;46072;159648359,198000013828278;68525,039034200002789;96,980526862700003
ES.IGN.SIGLIM34104646081;34104646081;Canals;ES5;ES52;ES523;46081;36194218,595200002193451;54369,559409000001324;21,859646058799999
ES.IGN.SIGLIM34104646083;34104646083;Carcaixent;ES5;ES52;ES523;46083;98521458,175099998712540;59778,946051999999327;59,254967140200002
ES.IGN.SIGLIM34104646114;34104646114;Domeño;ES5;ES52;ES523;46114;116362944,351999998092651;78213,559574800005066;68,796742881599997
ES.IGN.SIGLIM34104646115;34104646115;Dos Aguas;ES5;ES52;ES523;46115;203104695,131000012159348;74708,993633999998565;121,506941291999993
ES.IGN.SIGLIM34104646116;34104646116;l'Eliana;ES5;ES52;ES523;46116;14779847,087600000202656;18511,347260400001687;8,772875695800000
ES.IGN.SIGLIM34104646132;34104646132;Genovés;ES5;ES52;ES523;46132;25130461,420600000768900;42992,609960000001593;15,162320997700000
ES.IGN.SIGLIM34104646148;34104646148;Loriguilla;ES5;ES52;ES523;46148;122250955,899000003933907;78598,661720999996760;72,420738686199996
ES.IGN.SIGLIM34104646149;34104646149;Losa del Obispo;ES5;ES52;ES523;46149;20577497,192600000649691;21325,403319799999736;12,166775926500000
ES.IGN.SIGLIM34104646154;34104646154;Llanera de Ranes;ES5;ES52;ES523;46154;15355387,664599999785423;38679,632560500002000;9,260977879980000
ES.IGN.SIGLIM34104646170;34104646170;Mogente/Moixent;ES5;ES52;ES523;46170;248147132,553000003099442;74236,519387599997572;150,227562049999989
ES.IGN.SIGLIM34104646238;34104646238;Tavernes de la Valldigna;ES5;ES52;ES523;46238;81897986,637400001287460;40963,892606300003536;49,281890331800000
ES.IGN.SIGLIM34104646249;34104646249;Utiel;ES5;ES52;ES523;46249;399759508,087000012397766;84794,695865100002266;236,916670231000012
ES.IGN.SIGLIM34104646250;34104646250;València;ES5;ES52;ES523;46250;233756994,891000002622604;231969,113099999987753;139,314848603999991
